cust_id,cust_name,cust_type,region
C001,雨林木风计算机传媒有限公司,大客户,华北
C002,南康信息有限公司,零散散户,华北
C003,艾提科信科技有限公司,中小客户,华南
C004,盟新传媒有限公司,大客户,华北
C005,凌云信息有限公司,大客户,华南
C006,昂歌信息传媒有限公司,大客户,华南
C007,合联电子科技有限公司,大客户,华北
C008,创汇信息有限公司,零散散户,华北
C009,和泰网络有限公司,零散散户,华北
C010,东方峻景网络有限公司,中小客户,华东
C011,诺依曼软件传媒有限公司,中小客户,华北
C012,图龙信息信息有限公司,零散散户,华北
C013,图龙信息信息有限公司,大客户,华东
C014,MBP软件科技有限公司,零散散户,华南
C015,兰金电子传媒有限公司,中小客户,华南
C016,九方科技有限公司,中小客户,华北
C017,佳禾传媒有限公司,中小客户,华北
C018,浙大万朋科技有限公司,中小客户,华东
C019,双敏电子传媒有限公司,大客户,华北
C020,联通时科网络有限公司,零散散户,华北
C021,超艺信息有限公司,零散散户,华北
C022,和泰信息有限公司,大客户,华东
C023,维旺明传媒有限公司,中小客户,华东
C024,戴硕电子网络有限公司,中小客户,华北
C025,网新恒天科技有限公司,中小客户,华北
C026,创联世纪信息有限公司,大客户,华北
C027,九方传媒有限公司,中小客户,华东
C028,飞海科技网络有限公司,零散散户,华南
C029,晖来计算机传媒有限公司,中小客户,华北
C030,艾提科信科技有限公司,零散散户,华北
