quote_id,quote_date,cust_id,product_id,quote_amount,cost_total,quote_cycle_day,quote_result,fail_reason,quoter_name
Q2026001,2025-04-28,C023,P001,2486.65,1200,6,未成交,客户取消需求,张三
Q2026002,2025-09-30,C024,P003,7383.34,3500,17,成交,,张三
Q2026003,2025-05-31,C026,P002,3104.37,2200,3,未成交,方案不满足需求,李四
Q2026004,2025-12-21,C013,P006,6829.61,6000,13,未成交,竞品抢单,李四
Q2026005,2025-08-09,C021,P001,2463.05,1200,3,成交,,李四
Q2026006,2025-11-17,C002,P003,6944.32,3500,5,未成交,价格过高,张三
Q2026007,2025-12-08,C014,P001,2047.47,1200,6,未成交,价格过高,王五
Q2026008,2025-08-22,C019,P006,7267.95,6000,11,成交,,张三
Q2026009,2025-04-01,C013,P003,5013.19,3500,11,未成交,客户取消需求,张三
Q2026010,2025-01-26,C019,P006,12906.15,6000,17,成交,,王五
Q2026011,2025-10-15,C017,P006,7186.69,6000,13,未成交,客户取消需求,王五
Q2026012,2025-10-29,C027,P001,1450.72,1200,3,成交,,张三
Q2026013,2025-01-25,C003,P004,5862.68,4200,6,成交,,张三
Q2026014,2025-07-11,C009,P001,1849.46,1200,6,成交,,张三
Q2026015,2025-10-30,C017,P004,7254.02,4200,6,未成交,价格过高,王五
Q2026016,2025-09-18,C003,P005,1225.3,800,1,未成交,客户取消需求,王五
Q2026017,2025-02-04,C021,P002,4670.23,2200,3,未成交,竞品抢单,李四
Q2026018,2025-03-09,C011,P003,5455.61,3500,8,未成交,价格过高,李四
Q2026019,2025-08-04,C005,P006,8847.76,6000,16,成交,,张三
Q2026020,2025-07-06,C006,P003,6557.74,3500,11,未成交,竞品抢单,王五
Q2026021,2025-05-25,C013,P002,4458.07,2200,6,成交,,张三
Q2026022,2025-03-25,C005,P002,2920.17,2200,4,未成交,竞品抢单,李四
Q2026023,2025-08-24,C019,P004,8167.59,4200,14,成交,,王五
Q2026024,2025-02-08,C020,P001,1856.06,1200,6,未成交,价格过高,李四
Q2026025,2025-11-20,C025,P001,2258.03,1200,6,未成交,客户取消需求,张三
Q2026026,2025-04-13,C027,P001,2054.7,1200,5,成交,,王五
Q2026027,2025-06-18,C018,P005,1503.97,800,3,成交,,李四
Q2026028,2025-10-01,C022,P003,4092.55,3500,11,未成交,方案不满足需求,李四
Q2026029,2025-03-24,C029,P003,5947.68,3500,18,未成交,方案不满足需求,王五
Q2026030,2025-04-15,C010,P003,5844.26,3500,14,未成交,方案不满足需求,王五
Q2026031,2025-06-11,C021,P001,1435.66,1200,1,未成交,客户取消需求,王五
Q2026032,2025-01-31,C012,P005,1274.47,800,1,未成交,竞品抢单,张三
Q2026033,2025-05-14,C019,P005,1233.15,800,3,未成交,竞品抢单,王五
Q2026034,2025-10-20,C019,P005,1058.22,800,4,成交,,李四
Q2026035,2025-12-23,C014,P003,4163.35,3500,17,未成交,价格过高,李四
Q2026036,2025-03-07,C022,P004,5955.76,4200,5,成交,,张三
Q2026037,2025-06-05,C017,P006,12911.72,6000,18,成交,,王五
Q2026038,2025-03-07,C016,P001,2610.83,1200,5,成交,,王五
Q2026039,2025-09-20,C010,P006,6735.09,6000,9,成交,,王五
Q2026040,2025-03-24,C007,P001,2137.88,1200,3,未成交,客户取消需求,李四
Q2026041,2025-10-07,C018,P006,12039.42,6000,11,成交,,李四
Q2026042,2025-02-26,C026,P002,4554.46,2200,3,未成交,方案不满足需求,王五
Q2026043,2025-08-10,C028,P002,4602.75,2200,6,未成交,客户取消需求,王五
Q2026044,2025-04-06,C008,P002,4308.53,2200,6,成交,,李四
Q2026045,2025-01-28,C022,P003,6662.24,3500,8,未成交,客户取消需求,张三
Q2026046,2025-10-30,C004,P006,6792.15,6000,9,未成交,客户取消需求,张三
Q2026047,2025-01-06,C001,P006,12799.47,6000,12,成交,,李四
Q2026048,2025-11-23,C027,P006,10478.24,6000,6,未成交,方案不满足需求,张三
Q2026049,2025-02-16,C006,P003,7539.67,3500,13,成交,,王五
Q2026050,2025-08-17,C018,P004,6650.0,4200,10,未成交,价格过高,张三
Q2026051,2025-06-02,C028,P003,4502.81,3500,8,未成交,竞品抢单,张三
Q2026052,2025-10-20,C014,P006,8357.44,6000,12,成交,,王五
Q2026053,2025-12-25,C026,P004,6720.52,4200,18,成交,,张三
Q2026054,2025-12-03,C009,P005,894.38,800,4,未成交,价格过高,张三
Q2026055,2025-11-21,C002,P001,2035.58,1200,4,成交,,李四
Q2026056,2025-02-16,C004,P006,6684.68,6000,15,成交,,张三
Q2026057,2025-08-02,C019,P003,6457.57,3500,7,成交,,李四
Q2026058,2025-08-29,C016,P001,2618.43,1200,3,成交,,李四
Q2026059,2025-03-05,C026,P003,4321.98,3500,14,成交,,张三
Q2026060,2025-08-18,C009,P001,2209.06,1200,4,未成交,价格过高,李四
Q2026061,2025-12-28,C011,P002,2700.58,2200,1,未成交,方案不满足需求,张三
Q2026062,2025-11-28,C010,P005,1671.15,800,4,未成交,竞品抢单,王五
Q2026063,2025-04-15,C025,P002,3862.92,2200,1,未成交,方案不满足需求,王五
Q2026064,2025-10-17,C010,P001,2088.68,1200,3,成交,,王五
Q2026065,2025-07-22,C030,P002,3533.31,2200,2,未成交,价格过高,李四
Q2026066,2025-11-06,C012,P004,5417.21,4200,9,未成交,竞品抢单,王五
Q2026067,2025-08-06,C027,P001,1863.5,1200,2,未成交,价格过高,李四
Q2026068,2025-05-27,C027,P003,5372.0,3500,9,未成交,方案不满足需求,王五
Q2026069,2025-06-11,C006,P005,1751.92,800,2,成交,,张三
Q2026070,2025-10-19,C008,P005,1290.81,800,2,未成交,客户取消需求,李四
Q2026071,2025-03-30,C022,P006,10488.45,6000,18,未成交,价格过高,张三
Q2026072,2025-09-26,C026,P002,3192.08,2200,2,成交,,李四
Q2026073,2025-12-15,C026,P006,10364.14,6000,14,未成交,方案不满足需求,王五
Q2026074,2025-10-30,C012,P006,7127.69,6000,15,成交,,李四
Q2026075,2025-02-12,C029,P005,1169.01,800,5,成交,,张三
Q2026076,2025-05-03,C003,P002,3436.92,2200,5,未成交,价格过高,李四
Q2026077,2025-05-13,C007,P003,6181.88,3500,11,成交,,张三
Q2026078,2025-05-01,C029,P005,1547.81,800,6,成交,,张三
Q2026079,2025-09-26,C018,P003,4213.17,3500,9,未成交,方案不满足需求,李四
Q2026080,2025-04-26,C016,P004,6595.43,4200,8,未成交,方案不满足需求,王五
Q2026081,2025-04-19,C008,P004,7044.43,4200,13,成交,,张三
Q2026082,2025-01-09,C016,P004,8648.05,4200,5,未成交,客户取消需求,王五
Q2026083,2025-10-01,C006,P004,5961.04,4200,11,未成交,竞品抢单,王五
Q2026084,2025-02-01,C008,P006,7867.78,6000,9,未成交,价格过高,张三
Q2026085,2025-06-06,C013,P004,5405.72,4200,10,未成交,方案不满足需求,王五
Q2026086,2025-10-09,C011,P006,7015.61,6000,12,成交,,张三
Q2026087,2025-07-08,C009,P003,7392.56,3500,16,成交,,李四
Q2026088,2025-07-22,C027,P006,10938.58,6000,12,成交,,王五
Q2026089,2025-10-08,C006,P005,1339.78,800,1,成交,,李四
Q2026090,2025-05-21,C014,P005,1053.15,800,3,未成交,价格过高,王五
Q2026091,2025-08-03,C013,P001,2157.59,1200,1,成交,,李四
Q2026092,2025-11-24,C020,P003,4703.29,3500,16,未成交,价格过高,李四
Q2026093,2025-09-09,C017,P001,1820.93,1200,4,未成交,客户取消需求,李四
Q2026094,2025-02-06,C022,P004,7066.41,4200,14,成交,,李四
Q2026095,2025-03-18,C021,P001,2070.41,1200,6,未成交,价格过高,王五
Q2026096,2025-03-20,C025,P001,2453.77,1200,6,未成交,价格过高,张三
Q2026097,2025-03-22,C004,P002,3403.37,2200,2,未成交,竞品抢单,李四
Q2026098,2025-09-17,C011,P002,3336.94,2200,2,成交,,张三
Q2026099,2025-12-13,C007,P001,2419.42,1200,6,成交,,李四
Q2026100,2025-10-28,C010,P006,11883.77,6000,17,成交,,李四
Q2026101,2025-06-07,C030,P003,5102.88,3500,9,成交,,王五
Q2026102,2025-08-03,C010,P003,6371.61,3500,16,成交,,李四
Q2026103,2025-04-14,C022,P006,10398.81,6000,13,未成交,竞品抢单,王五
Q2026104,2025-05-21,C016,P003,7139.54,3500,5,未成交,价格过高,李四
Q2026105,2025-10-26,C010,P005,1335.29,800,4,未成交,客户取消需求,李四
Q2026106,2025-12-19,C006,P005,1538.47,800,3,未成交,竞品抢单,李四
Q2026107,2025-08-25,C026,P003,5288.9,3500,9,成交,,王五
Q2026108,2025-04-07,C004,P006,7366.0,6000,11,未成交,价格过高,王五
Q2026109,2025-11-17,C020,P006,8690.27,6000,15,成交,,张三
Q2026110,2025-07-27,C018,P005,908.29,800,1,成交,,王五
Q2026111,2025-06-07,C004,P003,6506.85,3500,12,成交,,张三
Q2026112,2025-03-25,C009,P006,8795.18,6000,10,未成交,价格过高,李四
Q2026113,2025-09-23,C021,P006,8031.3,6000,16,成交,,张三
Q2026114,2025-10-22,C006,P001,2405.29,1200,2,成交,,王五
Q2026115,2025-01-30,C020,P005,1561.06,800,6,成交,,王五
Q2026116,2025-06-18,C007,P005,1457.77,800,2,未成交,价格过高,张三
Q2026117,2025-02-18,C018,P003,6625.97,3500,8,未成交,客户取消需求,张三
Q2026118,2025-12-23,C004,P005,1370.88,800,1,未成交,客户取消需求,李四
Q2026119,2025-04-27,C004,P001,2399.31,1200,1,未成交,价格过高,李四
Q2026120,2025-10-03,C001,P001,2169.39,1200,4,未成交,竞品抢单,张三
