follow_id,customer_id,follow_date,sales_staff,content
1,95,2025-07-31,销售丙,电话沟通需求
2,269,2025-04-25,销售甲,电话沟通需求
3,25,2026-08-17,销售甲,二次议价
4,71,2025-09-07,销售丙,发送报价单
5,35,2026-05-26,销售丙,发送报价单
6,5,2026-07-29,销售甲,客户回访
7,234,2026-09-26,销售乙,电话沟通需求
8,248,2025-07-06,销售丙,二次议价
9,9,2026-04-30,销售甲,客户回访
10,283,2025-12-26,销售乙,电话沟通需求
11,9,2025-11-05,销售丙,方案讲解
12,275,2025-09-11,销售乙,电话沟通需求
13,258,2025-08-14,销售丙,二次议价
14,92,2025-02-03,销售甲,电话沟通需求
15,269,2025-02-16,销售甲,发送报价单
16,99,2026-07-22,销售丙,客户回访
17,130,2024-10-14,销售乙,方案讲解
18,204,2025-01-02,销售甲,方案讲解
19,208,2026-04-15,销售乙,客户回访
20,125,2025-03-28,销售丙,发送报价单
21,154,2026-02-23,销售丙,电话沟通需求
22,17,2025-04-10,销售甲,二次议价
23,195,2026-09-27,销售乙,客户回访
24,244,2026-04-27,销售甲,电话沟通需求
25,88,2026-03-25,销售甲,二次议价
26,223,2026-05-02,销售丙,方案讲解
27,290,2024-11-28,销售甲,客户回访
28,22,2025-03-09,销售甲,发送报价单
29,291,2025-02-03,销售乙,方案讲解
30,24,2025-08-01,销售甲,方案讲解
31,279,2024-12-16,销售丙,电话沟通需求
32,92,2024-12-10,销售乙,电话沟通需求
33,107,2024-11-15,销售丙,发送报价单
34,204,2026-09-24,销售甲,方案讲解
35,84,2026-08-10,销售丙,发送报价单
36,291,2025-09-29,销售乙,客户回访
37,170,2025-11-26,销售乙,发送报价单
38,41,2024-11-07,销售丙,方案讲解
39,28,2024-10-17,销售甲,二次议价
40,119,2026-05-18,销售甲,方案讲解
41,204,2025-08-01,销售乙,电话沟通需求
42,140,2025-11-07,销售乙,二次议价
43,117,2026-05-14,销售乙,客户回访
44,193,2024-11-30,销售乙,发送报价单
45,300,2024-12-16,销售丙,二次议价
46,44,2025-04-18,销售丙,方案讲解
47,127,2026-01-20,销售丙,电话沟通需求
48,43,2025-01-25,销售乙,发送报价单
49,195,2024-12-01,销售丙,发送报价单
50,200,2026-02-17,销售乙,方案讲解
51,55,2026-09-20,销售甲,电话沟通需求
52,158,2026-08-15,销售乙,方案讲解
53,139,2025-07-26,销售甲,发送报价单
54,45,2025-05-25,销售甲,二次议价
55,230,2025-03-24,销售丙,客户回访
56,263,2025-04-07,销售乙,电话沟通需求
57,14,2026-04-22,销售甲,方案讲解
58,284,2025-05-05,销售甲,客户回访
59,167,2025-09-06,销售乙,电话沟通需求
60,150,2026-01-26,销售乙,二次议价
61,44,2025-01-03,销售丙,客户回访
62,125,2025-01-06,销售丙,客户回访
63,87,2025-11-10,销售丙,二次议价
64,87,2026-07-10,销售甲,方案讲解
65,155,2025-02-06,销售乙,二次议价
66,75,2024-10-19,销售甲,发送报价单
67,223,2024-10-24,销售乙,二次议价
68,154,2026-02-24,销售乙,电话沟通需求
69,185,2025-07-01,销售乙,发送报价单
70,254,2026-07-27,销售丙,客户回访
71,101,2026-09-07,销售乙,电话沟通需求
72,70,2025-06-06,销售乙,电话沟通需求
73,203,2026-07-30,销售乙,客户回访
74,195,2025-10-01,销售乙,二次议价
75,172,2025-09-24,销售乙,客户回访
76,70,2026-08-04,销售乙,方案讲解
77,103,2025-11-20,销售乙,方案讲解
78,91,2026-09-23,销售乙,方案讲解
79,150,2025-04-26,销售丙,二次议价
80,295,2025-11-27,销售甲,方案讲解
81,193,2025-09-07,销售乙,二次议价
82,187,2025-01-09,销售甲,客户回访
83,103,2026-03-22,销售丙,客户回访
84,93,2025-11-19,销售丙,客户回访
85,14,2025-02-11,销售丙,二次议价
86,108,2025-12-29,销售乙,方案讲解
87,36,2026-01-04,销售乙,二次议价
88,72,2025-09-16,销售丙,方案讲解
89,124,2026-01-30,销售乙,发送报价单
90,217,2026-05-01,销售乙,电话沟通需求
91,230,2026-02-02,销售丙,二次议价
92,299,2026-08-09,销售乙,客户回访
93,260,2025-12-09,销售丙,二次议价
94,279,2025-08-30,销售甲,方案讲解
95,275,2025-11-07,销售丙,电话沟通需求
96,56,2026-02-05,销售甲,方案讲解
97,86,2026-02-05,销售丙,客户回访
98,23,2025-11-15,销售丙,二次议价
99,170,2025-05-25,销售乙,电话沟通需求
100,6,2026-09-02,销售甲,方案讲解
101,114,2025-06-23,销售丙,客户回访
102,286,2025-10-06,销售丙,客户回访
103,114,2025-11-20,销售乙,方案讲解
104,201,2025-03-22,销售乙,客户回访
105,257,2026-06-14,销售甲,方案讲解
106,13,2024-12-05,销售乙,电话沟通需求
107,152,2025-09-05,销售乙,电话沟通需求
108,60,2025-05-24,销售丙,发送报价单
109,179,2025-07-08,销售乙,方案讲解
110,234,2025-08-13,销售甲,客户回访
111,248,2025-04-16,销售乙,二次议价
112,50,2025-01-25,销售乙,二次议价
113,164,2025-05-20,销售甲,方案讲解
114,23,2024-10-05,销售丙,电话沟通需求
115,12,2024-09-27,销售乙,电话沟通需求
116,85,2025-11-07,销售丙,发送报价单
117,265,2026-06-22,销售甲,客户回访
118,82,2026-05-08,销售乙,客户回访
119,219,2026-07-17,销售乙,发送报价单
120,208,2025-01-10,销售丙,发送报价单
121,96,2025-06-21,销售丙,二次议价
122,203,2025-05-07,销售甲,客户回访
123,102,2025-09-26,销售乙,客户回访
124,220,2025-11-16,销售乙,电话沟通需求
125,110,2024-10-03,销售甲,方案讲解
126,33,2026-03-15,销售丙,电话沟通需求
127,275,2026-09-13,销售甲,方案讲解
128,167,2025-10-14,销售甲,二次议价
129,59,2026-05-06,销售乙,二次议价
130,271,2025-10-02,销售丙,方案讲解
131,199,2025-05-17,销售丙,二次议价
132,59,2024-10-04,销售乙,方案讲解
133,235,2026-05-14,销售丙,发送报价单
134,153,2025-08-27,销售丙,客户回访
135,44,2026-06-08,销售丙,发送报价单
136,161,2025-05-12,销售甲,发送报价单
137,157,2026-01-03,销售甲,发送报价单
138,192,2025-03-25,销售丙,发送报价单
139,262,2026-06-07,销售乙,二次议价
140,71,2024-10-02,销售丙,二次议价
141,217,2025-11-26,销售甲,二次议价
142,276,2025-07-14,销售丙,发送报价单
143,285,2025-02-20,销售甲,二次议价
144,148,2025-08-12,销售甲,发送报价单
145,162,2026-08-13,销售乙,客户回访
146,28,2025-12-06,销售乙,电话沟通需求
147,249,2025-09-01,销售甲,发送报价单
148,197,2025-07-30,销售丙,客户回访
149,254,2025-04-09,销售乙,二次议价
150,213,2025-01-31,销售丙,二次议价
151,251,2026-04-05,销售甲,电话沟通需求
152,290,2026-04-22,销售甲,发送报价单
153,150,2026-02-10,销售甲,方案讲解
154,116,2025-07-26,销售丙,方案讲解
155,87,2026-07-02,销售乙,客户回访
156,254,2025-07-17,销售丙,客户回访
157,58,2025-03-17,销售丙,电话沟通需求
158,138,2025-04-19,销售丙,方案讲解
159,278,2024-11-27,销售甲,二次议价
160,280,2025-08-20,销售甲,二次议价
161,53,2026-01-25,销售丙,发送报价单
162,153,2025-04-01,销售甲,二次议价
163,135,2025-11-02,销售乙,电话沟通需求
164,225,2026-05-13,销售甲,发送报价单
165,108,2026-06-10,销售丙,客户回访
166,180,2026-09-03,销售丙,客户回访
167,220,2026-01-16,销售甲,客户回访
168,72,2026-06-16,销售甲,发送报价单
169,31,2026-03-19,销售丙,方案讲解
170,273,2026-03-12,销售乙,客户回访
171,276,2025-04-26,销售甲,方案讲解
172,150,2025-05-06,销售乙,客户回访
173,137,2026-02-12,销售丙,电话沟通需求
174,70,2026-04-27,销售乙,电话沟通需求
175,142,2025-11-14,销售丙,发送报价单
176,68,2026-06-17,销售甲,发送报价单
177,165,2025-04-23,销售甲,二次议价
178,251,2025-08-13,销售甲,客户回访
179,138,2025-02-20,销售丙,二次议价
180,193,2026-07-21,销售乙,电话沟通需求
181,48,2024-11-19,销售乙,客户回访
182,143,2025-02-15,销售丙,方案讲解
183,233,2025-01-11,销售乙,方案讲解
184,298,2025-05-09,销售甲,电话沟通需求
185,235,2024-12-21,销售丙,方案讲解
186,33,2026-02-03,销售丙,二次议价
187,112,2025-09-15,销售乙,发送报价单
188,254,2026-01-19,销售乙,方案讲解
189,146,2025-09-13,销售乙,客户回访
190,296,2025-04-26,销售甲,客户回访
191,249,2026-03-25,销售乙,电话沟通需求
192,24,2026-01-23,销售甲,二次议价
193,9,2025-10-14,销售甲,发送报价单
194,226,2025-02-19,销售乙,电话沟通需求
195,220,2025-06-03,销售甲,发送报价单
196,155,2024-10-12,销售甲,方案讲解
197,48,2025-01-23,销售丙,方案讲解
198,129,2024-11-04,销售甲,方案讲解
199,85,2025-11-16,销售甲,二次议价
200,157,2024-10-14,销售丙,发送报价单
201,220,2025-02-18,销售丙,电话沟通需求
202,49,2024-12-15,销售甲,发送报价单
203,245,2025-05-04,销售甲,发送报价单
204,116,2025-04-24,销售丙,二次议价
205,5,2025-01-02,销售甲,方案讲解
206,62,2026-04-05,销售乙,发送报价单
207,245,2025-09-02,销售甲,发送报价单
208,197,2026-04-14,销售甲,电话沟通需求
209,53,2024-10-03,销售乙,方案讲解
210,154,2025-03-26,销售甲,二次议价
211,69,2024-12-06,销售丙,发送报价单
212,36,2025-01-22,销售丙,客户回访
213,5,2024-10-08,销售丙,发送报价单
214,226,2025-10-15,销售乙,发送报价单
215,78,2025-03-14,销售乙,客户回访
216,227,2025-06-19,销售甲,电话沟通需求
217,52,2025-08-19,销售甲,电话沟通需求
218,197,2025-05-27,销售乙,二次议价
219,162,2026-05-30,销售甲,发送报价单
220,142,2026-06-09,销售丙,电话沟通需求
221,128,2025-10-19,销售丙,客户回访
222,146,2025-07-12,销售丙,电话沟通需求
223,155,2025-09-22,销售甲,客户回访
224,261,2026-03-22,销售甲,二次议价
225,152,2026-06-03,销售丙,电话沟通需求
226,123,2024-10-21,销售乙,二次议价
227,58,2025-06-10,销售甲,二次议价
228,37,2024-11-28,销售丙,电话沟通需求
229,185,2026-07-14,销售乙,发送报价单
230,199,2026-05-02,销售丙,二次议价
231,188,2025-01-18,销售丙,发送报价单
232,242,2024-11-09,销售甲,电话沟通需求
233,35,2025-04-21,销售甲,方案讲解
234,111,2026-05-22,销售甲,电话沟通需求
235,204,2025-07-28,销售丙,方案讲解
236,257,2024-11-21,销售乙,二次议价
237,206,2025-11-22,销售甲,客户回访
238,276,2025-09-27,销售丙,发送报价单
239,143,2025-02-15,销售甲,方案讲解
240,41,2025-02-23,销售丙,发送报价单
241,80,2026-08-23,销售丙,方案讲解
242,201,2026-07-12,销售丙,电话沟通需求
243,159,2025-04-09,销售丙,二次议价
244,123,2026-06-23,销售甲,发送报价单
245,45,2025-07-20,销售乙,电话沟通需求
246,233,2026-07-02,销售丙,客户回访
247,29,2024-10-06,销售乙,发送报价单
248,62,2024-12-30,销售甲,发送报价单
249,6,2026-05-16,销售甲,二次议价
250,178,2026-04-05,销售丙,客户回访
251,133,2025-04-08,销售甲,方案讲解
252,65,2025-07-22,销售丙,方案讲解
253,61,2026-05-19,销售甲,方案讲解
254,220,2025-09-06,销售乙,客户回访
255,33,2025-04-06,销售乙,客户回访
256,40,2026-04-22,销售乙,二次议价
257,262,2024-10-23,销售乙,电话沟通需求
258,256,2025-02-28,销售丙,发送报价单
259,189,2025-09-19,销售甲,方案讲解
260,53,2026-04-21,销售丙,电话沟通需求
261,117,2026-05-18,销售丙,客户回访
262,2,2024-12-08,销售甲,电话沟通需求
263,126,2025-11-05,销售甲,二次议价
264,187,2026-02-26,销售乙,发送报价单
265,92,2025-03-07,销售甲,客户回访
266,215,2025-09-29,销售甲,方案讲解
267,128,2025-07-26,销售乙,方案讲解
268,139,2026-03-10,销售甲,客户回访
269,191,2025-05-27,销售甲,客户回访
270,27,2026-09-24,销售甲,发送报价单
271,265,2025-06-04,销售甲,二次议价
272,36,2025-01-28,销售乙,方案讲解
273,160,2026-01-28,销售乙,电话沟通需求
274,284,2026-04-15,销售乙,电话沟通需求
275,189,2024-10-29,销售甲,方案讲解
276,289,2026-04-28,销售乙,客户回访
277,125,2026-09-25,销售乙,方案讲解
278,253,2025-11-27,销售甲,客户回访
279,126,2025-11-05,销售甲,电话沟通需求
280,210,2024-12-30,销售甲,发送报价单
281,278,2025-04-11,销售乙,电话沟通需求
282,172,2025-10-05,销售甲,二次议价
283,158,2026-02-04,销售甲,发送报价单
284,272,2025-05-17,销售甲,二次议价
285,252,2025-02-28,销售甲,发送报价单
286,144,2025-07-03,销售甲,电话沟通需求
287,119,2026-08-17,销售丙,二次议价
288,191,2024-11-06,销售乙,电话沟通需求
289,298,2026-07-29,销售甲,客户回访
290,69,2026-02-26,销售丙,二次议价
291,39,2025-03-15,销售丙,客户回访
292,32,2024-12-23,销售乙,发送报价单
293,122,2025-03-29,销售乙,方案讲解
294,162,2026-01-31,销售乙,方案讲解
295,163,2025-08-30,销售乙,方案讲解
296,120,2025-06-06,销售甲,发送报价单
297,70,2024-10-08,销售丙,电话沟通需求
298,80,2025-02-03,销售甲,发送报价单
299,231,2026-06-06,销售乙,方案讲解
300,209,2025-04-29,销售甲,客户回访
301,184,2025-12-25,销售甲,二次议价
302,158,2024-12-28,销售乙,方案讲解
303,62,2025-07-31,销售甲,发送报价单
304,156,2026-06-01,销售丙,客户回访
305,21,2025-04-03,销售甲,方案讲解
306,76,2024-10-03,销售甲,发送报价单
307,183,2024-10-29,销售乙,客户回访
308,26,2025-12-22,销售丙,方案讲解
309,134,2026-05-28,销售甲,电话沟通需求
310,208,2026-03-17,销售乙,客户回访
311,282,2025-10-01,销售甲,电话沟通需求
312,237,2026-03-15,销售甲,发送报价单
313,63,2026-01-03,销售甲,电话沟通需求
314,114,2025-01-25,销售甲,发送报价单
315,206,2025-07-12,销售乙,电话沟通需求
316,299,2026-05-18,销售丙,方案讲解
317,39,2024-12-05,销售甲,电话沟通需求
318,102,2025-04-08,销售丙,二次议价
319,66,2025-01-27,销售甲,方案讲解
320,63,2025-10-20,销售甲,二次议价
321,26,2024-12-06,销售甲,客户回访
322,222,2026-03-13,销售丙,二次议价
323,255,2026-01-20,销售甲,二次议价
324,219,2025-06-16,销售甲,方案讲解
325,110,2026-09-20,销售甲,方案讲解
326,144,2026-05-09,销售乙,发送报价单
327,18,2026-01-25,销售丙,客户回访
328,126,2024-11-12,销售丙,方案讲解
329,256,2024-11-12,销售乙,客户回访
330,246,2025-06-30,销售甲,电话沟通需求
331,144,2026-02-09,销售乙,发送报价单
332,215,2025-01-24,销售甲,客户回访
333,128,2026-03-25,销售丙,客户回访
334,10,2025-11-17,销售乙,方案讲解
335,246,2026-06-03,销售丙,二次议价
336,177,2024-12-19,销售丙,客户回访
337,165,2025-01-02,销售乙,方案讲解
338,93,2025-10-10,销售甲,方案讲解
339,113,2025-03-26,销售甲,方案讲解
340,30,2025-05-31,销售乙,客户回访
341,184,2025-12-04,销售丙,发送报价单
342,82,2026-06-01,销售甲,发送报价单
343,124,2026-02-09,销售乙,客户回访
344,29,2026-05-07,销售甲,客户回访
345,199,2025-06-23,销售乙,发送报价单
346,91,2026-06-14,销售甲,客户回访
347,163,2026-08-20,销售丙,方案讲解
348,15,2025-09-02,销售丙,方案讲解
349,291,2026-04-19,销售丙,发送报价单
350,289,2025-02-23,销售甲,二次议价
351,278,2024-10-13,销售乙,发送报价单
352,252,2026-03-16,销售甲,电话沟通需求
353,29,2025-07-17,销售甲,客户回访
354,113,2025-07-02,销售甲,客户回访
355,245,2026-04-12,销售甲,方案讲解
356,104,2025-01-09,销售甲,方案讲解
357,91,2025-04-09,销售乙,电话沟通需求
358,12,2026-08-26,销售甲,客户回访
359,73,2024-10-27,销售甲,客户回访
360,187,2025-10-08,销售甲,方案讲解
361,203,2026-03-29,销售丙,电话沟通需求
362,173,2025-09-01,销售乙,方案讲解
363,70,2025-12-05,销售甲,二次议价
364,250,2025-05-13,销售丙,方案讲解
365,90,2025-11-22,销售丙,客户回访
366,183,2026-03-22,销售甲,客户回访
367,90,2025-10-12,销售乙,方案讲解
368,151,2025-02-21,销售甲,发送报价单
369,1,2025-12-11,销售丙,客户回访
370,201,2025-02-18,销售丙,电话沟通需求
371,94,2025-11-23,销售丙,方案讲解
372,114,2025-06-24,销售丙,客户回访
373,54,2025-06-05,销售乙,发送报价单
374,170,2026-04-18,销售丙,电话沟通需求
375,122,2025-09-25,销售乙,方案讲解
376,86,2025-04-28,销售丙,电话沟通需求
377,172,2026-08-01,销售乙,电话沟通需求
378,136,2026-07-04,销售甲,发送报价单
379,35,2026-01-05,销售乙,方案讲解
380,56,2026-09-07,销售丙,电话沟通需求
381,25,2026-07-27,销售乙,二次议价
382,215,2025-12-01,销售甲,二次议价
383,253,2025-01-29,销售乙,方案讲解
384,280,2024-11-19,销售乙,电话沟通需求
385,246,2025-11-13,销售丙,发送报价单
386,84,2025-01-25,销售乙,电话沟通需求
387,18,2025-09-11,销售乙,电话沟通需求
388,164,2025-05-14,销售乙,电话沟通需求
389,38,2026-06-25,销售乙,发送报价单
390,193,2025-04-19,销售甲,电话沟通需求
391,281,2025-11-21,销售甲,方案讲解
392,248,2025-07-09,销售丙,电话沟通需求
393,221,2025-09-14,销售丙,发送报价单
394,223,2024-09-27,销售甲,电话沟通需求
395,52,2026-05-22,销售乙,发送报价单
396,98,2026-02-04,销售乙,客户回访
397,277,2025-10-24,销售乙,方案讲解
398,153,2025-07-18,销售甲,电话沟通需求
399,26,2026-04-19,销售乙,客户回访
400,282,2025-02-18,销售乙,发送报价单
401,28,2026-08-13,销售乙,电话沟通需求
402,219,2024-10-11,销售甲,方案讲解
403,246,2026-01-21,销售甲,电话沟通需求
404,14,2026-07-24,销售甲,发送报价单
405,150,2025-07-06,销售甲,二次议价
406,60,2026-05-22,销售乙,二次议价
407,242,2026-01-21,销售乙,方案讲解
408,47,2025-03-31,销售丙,客户回访
409,199,2025-06-03,销售甲,方案讲解
410,196,2026-04-10,销售乙,发送报价单
411,229,2024-11-15,销售甲,方案讲解
412,226,2026-02-20,销售乙,方案讲解
413,116,2025-11-19,销售乙,客户回访
414,32,2026-06-25,销售甲,电话沟通需求
415,44,2025-07-24,销售丙,方案讲解
416,278,2025-02-21,销售乙,客户回访
417,117,2025-11-08,销售丙,电话沟通需求
418,199,2026-03-11,销售丙,二次议价
419,275,2025-10-18,销售丙,二次议价
420,294,2026-05-14,销售甲,二次议价
421,154,2025-11-29,销售甲,二次议价
422,18,2025-01-24,销售丙,客户回访
423,265,2026-01-16,销售丙,客户回访
424,76,2025-05-04,销售甲,二次议价
425,89,2025-06-04,销售甲,发送报价单
426,99,2025-08-11,销售甲,电话沟通需求
427,217,2026-02-06,销售甲,二次议价
428,104,2025-06-04,销售丙,发送报价单
429,133,2024-12-21,销售乙,电话沟通需求
430,45,2024-12-10,销售乙,客户回访
431,204,2025-11-07,销售丙,方案讲解
432,142,2026-02-20,销售丙,二次议价
433,7,2024-11-17,销售丙,客户回访
434,268,2024-10-31,销售乙,电话沟通需求
435,213,2026-07-07,销售甲,发送报价单
436,291,2026-09-25,销售丙,客户回访
437,52,2025-01-05,销售甲,客户回访
438,52,2025-02-12,销售乙,客户回访
439,177,2026-08-06,销售乙,方案讲解
440,197,2024-10-21,销售丙,二次议价
441,293,2025-03-02,销售丙,二次议价
442,20,2024-12-19,销售甲,方案讲解
443,207,2025-10-08,销售甲,客户回访
444,206,2025-02-22,销售甲,二次议价
445,170,2024-12-12,销售丙,发送报价单
446,26,2024-10-21,销售丙,二次议价
447,138,2025-12-14,销售乙,电话沟通需求
448,173,2026-02-07,销售乙,方案讲解
449,144,2026-07-08,销售乙,电话沟通需求
450,117,2025-07-25,销售甲,方案讲解
451,227,2026-02-20,销售乙,方案讲解
452,214,2025-10-12,销售丙,电话沟通需求
453,97,2025-11-09,销售乙,发送报价单
454,209,2026-01-24,销售丙,二次议价
455,265,2026-03-25,销售乙,电话沟通需求
456,264,2025-12-29,销售甲,电话沟通需求
457,160,2025-04-13,销售丙,客户回访
458,207,2024-11-04,销售甲,客户回访
459,292,2025-07-08,销售甲,发送报价单
460,99,2025-03-17,销售甲,电话沟通需求
461,128,2026-01-10,销售甲,二次议价
462,26,2026-04-07,销售乙,发送报价单
463,141,2024-11-21,销售乙,二次议价
464,259,2024-10-07,销售乙,电话沟通需求
465,16,2026-09-19,销售甲,方案讲解
466,251,2026-09-12,销售丙,二次议价
467,91,2025-03-08,销售乙,客户回访
468,283,2026-02-18,销售乙,方案讲解
469,84,2025-10-13,销售乙,电话沟通需求
470,146,2026-09-18,销售甲,二次议价
471,26,2026-08-19,销售甲,客户回访
472,110,2026-07-05,销售甲,发送报价单
473,106,2024-11-28,销售乙,二次议价
474,263,2025-09-25,销售甲,电话沟通需求
475,243,2026-06-11,销售甲,发送报价单
476,5,2026-02-05,销售甲,方案讲解
477,157,2024-11-13,销售丙,方案讲解
478,217,2025-07-04,销售乙,方案讲解
479,236,2025-12-04,销售乙,发送报价单
480,239,2026-04-27,销售乙,客户回访
481,204,2026-09-25,销售丙,电话沟通需求
482,4,2026-08-19,销售丙,方案讲解
483,288,2025-08-16,销售丙,客户回访
484,145,2026-06-27,销售乙,电话沟通需求
485,247,2025-07-10,销售甲,方案讲解
486,142,2026-06-05,销售丙,方案讲解
487,142,2026-03-31,销售乙,方案讲解
488,97,2024-11-11,销售甲,客户回访
489,124,2026-06-28,销售甲,客户回访
490,207,2026-01-19,销售丙,方案讲解
491,72,2025-04-21,销售丙,电话沟通需求
492,255,2025-11-11,销售乙,方案讲解
493,215,2024-10-28,销售乙,二次议价
494,19,2026-04-20,销售丙,客户回访
495,98,2024-11-20,销售乙,发送报价单
496,274,2026-07-07,销售丙,二次议价
497,184,2025-05-21,销售丙,方案讲解
498,88,2024-11-26,销售丙,客户回访
499,93,2025-03-13,销售乙,电话沟通需求
500,242,2025-11-04,销售甲,方案讲解
501,287,2024-12-11,销售甲,方案讲解
502,46,2024-12-14,销售甲,方案讲解
503,115,2026-04-13,销售丙,方案讲解
504,216,2025-03-25,销售乙,方案讲解
505,134,2025-11-13,销售丙,方案讲解
506,238,2025-07-23,销售甲,二次议价
507,28,2025-02-21,销售丙,客户回访
508,298,2025-02-24,销售丙,电话沟通需求
509,242,2025-11-09,销售甲,客户回访
510,62,2026-02-19,销售丙,二次议价
511,272,2025-04-08,销售乙,二次议价
512,28,2025-12-13,销售甲,发送报价单
513,103,2026-01-25,销售乙,二次议价
514,292,2025-02-12,销售乙,发送报价单
515,162,2025-12-04,销售丙,发送报价单
516,42,2026-05-01,销售乙,方案讲解
517,91,2025-12-04,销售乙,电话沟通需求
518,3,2025-08-15,销售乙,方案讲解
519,108,2026-04-29,销售甲,客户回访
520,82,2024-12-17,销售乙,电话沟通需求
521,67,2026-05-15,销售丙,二次议价
522,220,2026-02-05,销售乙,二次议价
523,245,2025-12-18,销售乙,电话沟通需求
524,20,2025-07-02,销售丙,发送报价单
525,192,2026-03-04,销售甲,方案讲解
526,272,2025-09-18,销售甲,电话沟通需求
527,3,2026-03-26,销售丙,发送报价单
528,116,2026-02-25,销售丙,方案讲解
529,160,2025-08-24,销售甲,电话沟通需求
530,197,2026-08-13,销售丙,客户回访
531,157,2024-12-16,销售甲,电话沟通需求
532,24,2025-02-03,销售乙,方案讲解
533,234,2026-06-04,销售丙,客户回访
534,269,2025-02-14,销售乙,二次议价
535,69,2025-11-28,销售乙,二次议价
536,184,2025-08-04,销售甲,发送报价单
537,207,2025-10-24,销售甲,发送报价单
538,115,2025-06-16,销售丙,发送报价单
539,109,2026-02-19,销售丙,电话沟通需求
540,259,2025-01-27,销售甲,电话沟通需求
541,188,2025-11-15,销售丙,电话沟通需求
542,193,2026-01-05,销售丙,方案讲解
543,274,2025-09-06,销售丙,电话沟通需求
544,25,2026-09-22,销售丙,电话沟通需求
545,11,2025-06-27,销售甲,电话沟通需求
546,214,2026-08-28,销售乙,二次议价
547,64,2025-05-29,销售丙,方案讲解
548,243,2025-11-28,销售丙,发送报价单
549,106,2025-06-06,销售丙,电话沟通需求
550,155,2026-07-15,销售乙,电话沟通需求
551,267,2025-07-12,销售乙,客户回访
552,71,2025-08-13,销售乙,电话沟通需求
553,262,2026-05-13,销售丙,客户回访
554,61,2026-01-31,销售乙,电话沟通需求
555,55,2025-08-27,销售乙,发送报价单
556,103,2026-06-30,销售乙,客户回访
557,104,2026-04-13,销售乙,二次议价
558,152,2025-06-05,销售甲,电话沟通需求
559,281,2026-01-12,销售乙,发送报价单
560,247,2025-04-01,销售乙,发送报价单
561,2,2025-12-08,销售甲,电话沟通需求
562,57,2025-11-24,销售丙,二次议价
563,77,2025-03-12,销售甲,客户回访
564,39,2025-07-15,销售丙,电话沟通需求
565,132,2026-05-14,销售丙,发送报价单
566,234,2025-11-28,销售乙,方案讲解
567,238,2026-09-16,销售甲,电话沟通需求
568,90,2026-04-28,销售甲,方案讲解
569,185,2025-04-12,销售丙,方案讲解
570,219,2025-07-03,销售丙,电话沟通需求
571,49,2025-09-13,销售甲,电话沟通需求
572,71,2025-09-09,销售丙,发送报价单
573,169,2025-08-01,销售乙,二次议价
574,138,2024-09-27,销售丙,电话沟通需求
575,191,2026-04-14,销售乙,发送报价单
576,59,2024-10-23,销售乙,二次议价
577,234,2025-05-05,销售乙,二次议价
578,245,2026-01-02,销售乙,发送报价单
579,58,2024-10-09,销售甲,电话沟通需求
580,82,2025-11-03,销售甲,二次议价
581,248,2025-01-09,销售丙,二次议价
582,93,2026-08-19,销售丙,二次议价
583,184,2025-05-19,销售丙,电话沟通需求
584,67,2024-10-02,销售乙,二次议价
585,58,2025-05-18,销售乙,二次议价
586,24,2025-03-18,销售甲,方案讲解
587,161,2025-03-12,销售甲,客户回访
588,296,2026-07-23,销售丙,客户回访
589,115,2025-05-29,销售丙,方案讲解
590,266,2024-10-13,销售丙,客户回访
591,49,2026-05-19,销售乙,发送报价单
592,247,2026-06-27,销售乙,二次议价
593,77,2026-03-16,销售丙,客户回访
594,28,2026-06-27,销售甲,发送报价单
595,259,2025-04-29,销售乙,二次议价
596,85,2026-09-10,销售甲,二次议价
597,165,2025-12-01,销售甲,方案讲解
598,143,2025-10-29,销售甲,客户回访
599,115,2025-12-03,销售丙,二次议价
600,207,2025-12-14,销售甲,电话沟通需求
601,236,2026-09-16,销售乙,客户回访
602,230,2025-12-14,销售甲,二次议价
603,229,2025-01-25,销售乙,电话沟通需求
604,255,2024-12-09,销售丙,电话沟通需求
605,53,2024-10-26,销售乙,二次议价
606,19,2025-09-19,销售丙,客户回访
607,1,2025-06-30,销售甲,客户回访
608,156,2025-01-26,销售丙,客户回访
609,106,2025-01-12,销售丙,二次议价
610,175,2025-04-20,销售乙,电话沟通需求
611,115,2025-07-09,销售乙,方案讲解
612,287,2026-08-18,销售丙,客户回访
613,243,2025-12-23,销售丙,方案讲解
614,232,2025-04-09,销售甲,电话沟通需求
615,114,2025-03-26,销售甲,方案讲解
616,182,2025-04-14,销售丙,方案讲解
617,281,2026-06-18,销售丙,方案讲解
618,55,2025-05-18,销售甲,发送报价单
619,253,2024-12-07,销售甲,二次议价
620,55,2025-12-14,销售乙,客户回访
621,101,2025-08-03,销售甲,电话沟通需求
622,202,2025-12-13,销售甲,二次议价
623,98,2026-09-09,销售丙,方案讲解
624,56,2025-03-14,销售乙,电话沟通需求
625,64,2026-04-20,销售乙,二次议价
626,259,2024-11-25,销售甲,二次议价
627,3,2026-04-12,销售丙,电话沟通需求
628,284,2025-06-06,销售乙,客户回访
629,248,2026-06-04,销售丙,发送报价单
630,297,2025-10-06,销售甲,发送报价单
631,54,2025-02-08,销售乙,客户回访
632,165,2025-10-11,销售丙,二次议价
633,215,2026-06-30,销售丙,发送报价单
634,141,2026-08-26,销售乙,方案讲解
635,151,2026-03-16,销售乙,发送报价单
636,71,2026-03-26,销售乙,客户回访
637,263,2025-12-18,销售乙,客户回访
638,161,2026-06-25,销售丙,客户回访
639,112,2026-09-01,销售甲,发送报价单
640,149,2024-12-10,销售丙,方案讲解
641,68,2026-01-02,销售丙,发送报价单
642,258,2026-02-07,销售丙,方案讲解
643,60,2025-05-18,销售乙,客户回访
644,246,2024-10-26,销售丙,客户回访
645,214,2026-04-17,销售丙,客户回访
646,147,2026-06-16,销售乙,电话沟通需求
647,268,2025-12-18,销售甲,电话沟通需求
648,196,2025-07-20,销售甲,电话沟通需求
649,29,2024-11-26,销售甲,方案讲解
650,83,2026-05-25,销售乙,方案讲解
651,75,2024-11-09,销售甲,方案讲解
652,105,2026-09-13,销售丙,电话沟通需求
653,184,2026-05-18,销售乙,电话沟通需求
654,288,2025-06-13,销售甲,客户回访
655,200,2025-06-24,销售甲,客户回访
656,148,2026-08-11,销售丙,电话沟通需求
657,196,2026-06-23,销售乙,二次议价
658,161,2025-08-30,销售丙,电话沟通需求
659,7,2025-08-16,销售丙,方案讲解
660,104,2026-09-19,销售丙,二次议价
661,116,2026-08-02,销售丙,方案讲解
662,280,2024-12-29,销售丙,客户回访
663,101,2026-08-03,销售丙,发送报价单
664,151,2026-05-18,销售乙,发送报价单
665,39,2025-03-22,销售甲,发送报价单
666,264,2026-04-30,销售甲,二次议价
667,21,2026-02-16,销售乙,方案讲解
668,285,2026-07-18,销售乙,发送报价单
669,83,2026-01-07,销售丙,方案讲解
670,3,2026-09-18,销售乙,二次议价
671,80,2024-10-05,销售甲,发送报价单
672,166,2026-02-01,销售丙,电话沟通需求
673,155,2026-05-23,销售乙,客户回访
674,282,2026-01-31,销售乙,电话沟通需求
675,163,2025-07-21,销售丙,发送报价单
676,95,2024-11-08,销售丙,电话沟通需求
677,259,2025-05-21,销售甲,二次议价
678,279,2025-11-08,销售丙,二次议价
679,48,2024-10-28,销售乙,发送报价单
680,110,2025-06-02,销售丙,方案讲解
681,170,2025-11-20,销售乙,方案讲解
682,112,2025-12-09,销售丙,客户回访
683,244,2025-01-21,销售丙,电话沟通需求
684,59,2025-06-07,销售丙,方案讲解
685,229,2025-10-22,销售甲,客户回访
686,125,2026-03-22,销售甲,方案讲解
687,196,2025-03-17,销售甲,二次议价
688,132,2025-01-23,销售丙,方案讲解
689,13,2024-11-05,销售丙,方案讲解
690,264,2026-03-04,销售丙,二次议价
691,250,2026-04-18,销售甲,方案讲解
692,99,2025-07-29,销售乙,客户回访
693,43,2025-09-08,销售甲,发送报价单
694,276,2026-05-04,销售丙,电话沟通需求
695,34,2026-01-02,销售甲,发送报价单
696,218,2025-12-17,销售甲,发送报价单
697,276,2025-10-24,销售丙,二次议价
698,37,2024-12-05,销售丙,发送报价单
699,13,2025-03-18,销售乙,方案讲解
700,20,2025-08-28,销售甲,电话沟通需求
