customer_id,company_name,industry,company_scale,register_date,contact_name,phone
1,鑫博腾飞信息有限公司,制造业,小微企业,2025-04-05,李旭,15681960013
2,迪摩科技有限公司,建筑工程,小微企业,2025-12-06,丁婷婷,15079402654
3,华远软件信息有限公司,商贸零售,小微企业,2024-12-15,吴兰英,18159407816
4,精芯信息有限公司,制造业,大型企业,2026-07-03,梁波,13534131647
5,易动力信息有限公司,教育培训,小微企业,2025-06-29,董斌,14528327648
6,维旺明科技有限公司,教育培训,中型企业,2025-03-23,熊莹,15113953767
7,天开网络有限公司,制造业,小微企业,2025-04-06,姜琳,18996532871
8,恒聪百汇网络有限公司,制造业,小微企业,2026-01-27,夏玉华,14516697848
9,恒聪百汇信息有限公司,商贸零售,大型企业,2026-05-16,李淑兰,13970482814
10,时空盒数字信息有限公司,教育培训,小微企业,2026-05-12,高伟,14557015430
11,昊嘉科技有限公司,教育培训,小微企业,2024-12-02,白阳,13878248963
12,雨林木风计算机传媒有限公司,教育培训,中型企业,2026-03-02,徐欣,13733150983
13,超艺科技有限公司,商贸零售,中型企业,2026-03-30,刘超,18151834738
14,鸿睿思博传媒有限公司,教育培训,中型企业,2025-04-03,熊坤,13716566701
15,MBP软件信息有限公司,制造业,小微企业,2026-06-10,刘坤,13172624731
16,精芯科技有限公司,IT互联网,中型企业,2024-11-05,佟静,13967736026
17,新宇龙信息信息有限公司,建筑工程,小微企业,2026-09-16,陈桂芝,13834309805
18,海创传媒有限公司,商贸零售,中型企业,2025-10-22,王凤兰,13621913619
19,四通科技有限公司,制造业,小微企业,2026-01-21,周玉梅,15135346247
20,泰麒麟科技有限公司,IT互联网,小微企业,2025-09-17,王楠,13042513542
21,襄樊地球村信息有限公司,建筑工程,中型企业,2026-01-15,董梅,15612411824
22,诺依曼软件网络有限公司,教育培训,中型企业,2026-04-07,张燕,13074016400
23,惠派国际公司信息有限公司,制造业,大型企业,2025-01-30,罗琳,13101128059
24,联软网络有限公司,IT互联网,大型企业,2024-10-29,黄刚,18953315869
25,开发区世创网络有限公司,制造业,中型企业,2026-06-10,文杰,13956342160
26,创亿网络有限公司,制造业,大型企业,2026-06-23,杨娜,15003654145
27,同兴万点信息有限公司,建筑工程,大型企业,2026-09-26,李秀兰,13994019655
28,诺依曼软件科技有限公司,教育培训,中型企业,2025-07-23,刘淑兰,13488356159
29,菊风公司信息有限公司,教育培训,小微企业,2025-10-25,董晶,15948236629
30,MBP软件科技有限公司,制造业,小微企业,2025-05-21,张凤英,18777387214
31,兰金电子网络有限公司,商贸零售,中型企业,2026-03-03,刘岩,13800379176
32,新宇龙信息传媒有限公司,制造业,小微企业,2025-08-03,张强,18916328708
33,菊风公司传媒有限公司,制造业,中型企业,2025-01-08,董玉珍,13379868727
34,天开网络有限公司,建筑工程,中型企业,2026-07-11,汪桂芝,15534714345
35,襄樊地球村科技有限公司,建筑工程,小微企业,2025-01-12,刘建军,18531665876
36,易动力传媒有限公司,建筑工程,中型企业,2025-07-26,钱春梅,18805466889
37,信诚致远网络有限公司,商贸零售,大型企业,2025-04-26,朱冬梅,15762729806
38,彩虹传媒有限公司,建筑工程,大型企业,2025-01-10,张秀兰,15953755646
39,彩虹传媒有限公司,制造业,大型企业,2024-10-12,闭倩,15010033092
40,惠派国际公司传媒有限公司,商贸零售,大型企业,2026-02-28,郑红霞,18745299124
41,四通科技有限公司,商贸零售,小微企业,2026-09-18,梁淑珍,15931931491
42,飞利信传媒有限公司,IT互联网,中型企业,2026-02-22,王慧,13467165726
43,群英信息有限公司,建筑工程,大型企业,2026-01-18,孙玲,15731473799
44,数字100科技有限公司,教育培训,小微企业,2025-10-15,张楠,15845494808
45,彩虹网络有限公司,建筑工程,小微企业,2026-04-09,朱秀英,18577701436
46,雨林木风计算机信息有限公司,商贸零售,小微企业,2025-09-29,周玉英,15874443135
47,同兴万点网络有限公司,建筑工程,中型企业,2025-02-22,傅丹,18698941343
48,华泰通安信息有限公司,建筑工程,小微企业,2024-10-07,陈鹏,13142710947
49,七喜信息有限公司,商贸零售,大型企业,2025-02-17,刘荣,13716719022
50,彩虹网络有限公司,建筑工程,小微企业,2024-12-28,许芳,13386774964
51,东方峻景科技有限公司,IT互联网,中型企业,2026-05-12,韩燕,15612328120
52,南康传媒有限公司,IT互联网,小微企业,2025-05-11,刘红,18571349361
53,通际名联网络有限公司,建筑工程,小微企业,2026-09-02,尹斌,13524994717
54,MBP软件信息有限公司,商贸零售,大型企业,2025-10-20,徐刚,18965940139
55,毕博诚科技有限公司,教育培训,大型企业,2026-05-12,马玉,15129671756
56,维旺明科技有限公司,建筑工程,大型企业,2026-07-25,杨金凤,15268071545
57,MBP软件科技有限公司,教育培训,中型企业,2026-02-19,赵坤,13059770348
58,凌颖信息传媒有限公司,教育培训,中型企业,2026-08-12,李秀英,18524808613
59,巨奥科技有限公司,建筑工程,小微企业,2026-02-12,胡桂兰,13046773782
60,商软冠联网络有限公司,商贸零售,大型企业,2026-07-30,陈丽娟,15784044997
61,南康传媒有限公司,IT互联网,小微企业,2025-06-22,罗淑珍,18753396360
62,佳禾传媒有限公司,制造业,小微企业,2025-07-23,胡明,13889517187
63,思优传媒有限公司,商贸零售,大型企业,2026-08-04,李燕,15796158657
64,华成育卓科技有限公司,商贸零售,大型企业,2025-03-28,银俊,18211724005
65,黄石金承信息有限公司,IT互联网,大型企业,2025-07-15,李秀梅,13222219693
66,四通网络有限公司,制造业,中型企业,2025-03-26,曾桂芳,15107482175
67,维涛传媒有限公司,IT互联网,大型企业,2026-03-17,孙莉,14767136959
68,黄石金承科技有限公司,IT互联网,大型企业,2026-07-03,陈辉,14574395339
69,创汇科技有限公司,建筑工程,大型企业,2026-08-29,陈丽丽,13595214562
70,惠派国际公司信息有限公司,制造业,大型企业,2025-11-13,雷霞,18074517123
71,艾提科信信息有限公司,制造业,大型企业,2024-12-06,王佳,18754965137
72,华成育卓信息有限公司,教育培训,中型企业,2026-09-07,萧丽华,18546120047
73,晖来计算机网络有限公司,建筑工程,小微企业,2026-08-17,吴洁,15686926179
74,快讯科技有限公司,建筑工程,中型企业,2026-03-17,刘玉,15051585064
75,菊风公司传媒有限公司,商贸零售,中型企业,2024-12-07,彭军,13553293183
76,时刻信息有限公司,制造业,大型企业,2026-05-21,韦伟,15122842102
77,立信电子网络有限公司,建筑工程,大型企业,2025-12-28,王燕,13526811775
78,南康网络有限公司,商贸零售,大型企业,2026-01-17,任莉,18700766177
79,彩虹信息有限公司,制造业,大型企业,2026-01-12,王丹,14598569847
80,晖来计算机科技有限公司,建筑工程,大型企业,2026-07-21,周娜,18257661565
81,中建创业网络有限公司,教育培训,大型企业,2026-03-14,王凯,13661528098
82,菊风公司传媒有限公司,商贸零售,小微企业,2025-06-28,莫鹏,15294519832
83,创亿科技有限公司,建筑工程,小微企业,2025-06-25,李萍,13236899809
84,鑫博腾飞网络有限公司,教育培训,大型企业,2025-04-27,宁倩,13422961201
85,新格林耐特传媒有限公司,制造业,大型企业,2025-09-14,张婷,18659910229
86,彩虹信息有限公司,建筑工程,中型企业,2025-09-06,朱玉,18243815614
87,合联电子信息有限公司,制造业,小微企业,2024-11-01,吴华,13434324451
88,浦华众城传媒有限公司,建筑工程,中型企业,2025-02-10,吴娜,13085160607
89,双敏电子传媒有限公司,商贸零售,小微企业,2025-12-16,程丽娟,15216052975
90,联软科技有限公司,商贸零售,大型企业,2025-04-03,宋浩,15945352181
91,飞利信信息有限公司,制造业,小微企业,2026-04-14,刘峰,15132921277
92,昊嘉信息有限公司,IT互联网,小微企业,2026-07-30,张波,18874490581
93,巨奥传媒有限公司,教育培训,小微企业,2024-10-26,黄玉兰,13619986798
94,南康网络有限公司,商贸零售,大型企业,2025-06-03,胡飞,18715182037
95,合联电子网络有限公司,IT互联网,大型企业,2025-07-06,柳冬梅,18259051518
96,凌颖信息信息有限公司,商贸零售,中型企业,2026-04-12,杨建,15846291486
97,惠派国际公司科技有限公司,教育培训,大型企业,2026-02-10,林勇,15842357332
98,泰麒麟信息有限公司,IT互联网,小微企业,2026-07-14,林明,15659296222
99,七喜科技有限公司,教育培训,大型企业,2025-08-12,袁静,18794738347
100,中建创业传媒有限公司,商贸零售,大型企业,2025-09-20,石桂花,13062392407
101,精芯科技有限公司,建筑工程,中型企业,2026-04-02,陈瑞,15178261375
102,万迅电脑科技有限公司,建筑工程,中型企业,2025-07-31,刘浩,15830515220
103,佳禾网络有限公司,教育培训,中型企业,2026-05-09,徐强,18910432898
104,恒聪百汇信息有限公司,制造业,小微企业,2025-03-30,李秀英,18297117980
105,思优信息有限公司,商贸零售,小微企业,2025-08-26,冯秀英,13262185188
106,新宇龙信息传媒有限公司,建筑工程,小微企业,2024-10-30,鞠娟,18605153195
107,济南亿次元信息有限公司,教育培训,大型企业,2025-11-25,秦雷,18077221704
108,济南亿次元网络有限公司,商贸零售,大型企业,2026-08-16,陈婷,13068740345
109,网新恒天信息有限公司,商贸零售,小微企业,2025-01-01,徐莹,18676527758
110,彩虹传媒有限公司,制造业,大型企业,2024-11-27,许博,13145115447
111,飞海科技传媒有限公司,制造业,小微企业,2025-06-27,王琴,14564016582
112,思优传媒有限公司,制造业,小微企业,2024-10-24,王云,15869092755
113,泰麒麟网络有限公司,建筑工程,小微企业,2025-11-12,赵萍,15010278681
114,天开传媒有限公司,教育培训,小微企业,2025-03-12,杜小红,14712172715
115,凌云信息有限公司,建筑工程,大型企业,2026-08-20,龚雷,15358313237
116,联通时科信息有限公司,IT互联网,小微企业,2025-09-25,邓健,13646786691
117,双敏电子科技有限公司,教育培训,小微企业,2025-09-11,余红梅,13889226801
118,恩悌网络有限公司,教育培训,大型企业,2025-01-30,成芳,15884143842
119,东方峻景科技有限公司,IT互联网,小微企业,2025-10-22,宋建军,13999590010
120,易动力传媒有限公司,IT互联网,中型企业,2026-01-20,胡桂兰,15547364710
121,七喜传媒有限公司,商贸零售,小微企业,2025-10-08,张建,15755625881
122,开发区世创传媒有限公司,制造业,大型企业,2024-12-31,徐建,13704696325
123,商软冠联网络有限公司,IT互联网,中型企业,2025-10-19,胡秀珍,18801687339
124,海创科技有限公司,IT互联网,中型企业,2025-05-03,唐桂香,15280162456
125,济南亿次元传媒有限公司,IT互联网,大型企业,2024-11-05,黄玉兰,13668784991
126,晖来计算机传媒有限公司,制造业,大型企业,2025-07-13,罗云,13323986800
127,创汇信息有限公司,制造业,小微企业,2026-06-13,郭建国,14582595269
128,富罳信息有限公司,IT互联网,大型企业,2025-10-26,程梅,18805516940
129,天开网络有限公司,建筑工程,小微企业,2026-04-10,谢兵,13096230913
130,七喜信息有限公司,商贸零售,小微企业,2025-08-18,赵文,18289702838
131,国讯传媒有限公司,商贸零售,大型企业,2025-05-28,孙慧,13154973348
132,创亿信息有限公司,IT互联网,小微企业,2026-05-18,魏小红,15775844198
133,浙大万朋信息有限公司,IT互联网,小微企业,2026-05-20,陈玉兰,18515747338
134,艾提科信信息有限公司,建筑工程,中型企业,2025-01-11,冯秀英,15008330165
135,晖来计算机网络有限公司,商贸零售,小微企业,2024-10-01,赵淑华,18834540193
136,华泰通安传媒有限公司,IT互联网,大型企业,2026-08-13,涂明,18067240049
137,网新恒天信息有限公司,制造业,小微企业,2025-09-14,安亮,18187431527
138,盟新科技有限公司,教育培训,小微企业,2026-04-22,夏想,13996685161
139,创汇传媒有限公司,制造业,小微企业,2025-06-05,王海燕,15074549904
140,开发区世创科技有限公司,商贸零售,中型企业,2026-02-27,孙晨,15984145933
141,国讯网络有限公司,IT互联网,中型企业,2025-09-15,赵桂香,13383391878
142,泰麒麟科技有限公司,商贸零售,中型企业,2024-11-13,梁建国,13958713971
143,创联世纪传媒有限公司,制造业,小微企业,2025-01-07,孙华,13174064039
144,济南亿次元传媒有限公司,IT互联网,小微企业,2025-06-21,高飞,18917046226
145,新格林耐特传媒有限公司,IT互联网,中型企业,2026-08-03,吴亮,15551286823
146,九方信息有限公司,IT互联网,中型企业,2025-09-21,何娜,15075243106
147,开发区世创网络有限公司,IT互联网,大型企业,2024-11-18,唐秀芳,14503067383
148,创汇信息有限公司,教育培训,大型企业,2025-03-27,梁凤英,15042836440
149,趋势传媒有限公司,IT互联网,小微企业,2025-12-02,王红梅,15568566246
150,同兴万点传媒有限公司,商贸零售,中型企业,2025-04-02,陈建,15370866882
151,明腾信息有限公司,商贸零售,小微企业,2025-03-03,萧欣,18151830469
152,泰麒麟网络有限公司,教育培训,大型企业,2026-06-13,朱颖,15203317393
153,开发区世创信息有限公司,教育培训,小微企业,2026-05-22,吴兰英,15245877175
154,中建创业信息有限公司,建筑工程,小微企业,2025-08-14,郑建平,18620489964
155,图龙信息信息有限公司,制造业,大型企业,2025-03-24,梁丽,18885477725
156,创汇传媒有限公司,IT互联网,大型企业,2025-02-16,郭宇,18000623120
157,迪摩传媒有限公司,教育培训,小微企业,2025-07-13,冯秀华,15670088600
158,同兴万点信息有限公司,制造业,大型企业,2024-10-10,熊东,13718233984
159,毕博诚传媒有限公司,制造业,小微企业,2024-11-27,车桂芳,13233410166
160,精芯传媒有限公司,制造业,大型企业,2024-11-09,魏凯,18865918033
161,毕博诚科技有限公司,制造业,大型企业,2026-09-14,叶萍,18989025039
162,浙大万朋科技有限公司,商贸零售,中型企业,2025-05-17,郑冬梅,15685621850
163,联软网络有限公司,制造业,大型企业,2026-07-10,杨桂珍,13350477358
164,联软网络有限公司,商贸零售,大型企业,2026-03-08,李英,15331142626
165,联通时科科技有限公司,教育培训,小微企业,2024-12-07,辛玉,15841212678
166,天益科技有限公司,教育培训,小微企业,2024-12-05,罗晶,18160466183
167,新格林耐特网络有限公司,IT互联网,大型企业,2025-01-12,陈金凤,13812646471
168,良诺网络有限公司,教育培训,大型企业,2026-04-09,唐岩,18712406596
169,七喜信息有限公司,教育培训,中型企业,2025-08-27,陈杨,18852654793
170,新格林耐特信息有限公司,建筑工程,小微企业,2026-06-23,黄杨,13282807374
171,昂歌信息传媒有限公司,建筑工程,小微企业,2025-01-13,刘建军,18566179796
172,襄樊地球村科技有限公司,建筑工程,中型企业,2026-06-03,魏凯,13735290965
173,天益科技有限公司,商贸零售,大型企业,2024-12-12,刘建平,18756798250
174,天益信息有限公司,建筑工程,中型企业,2025-08-16,李建,15845738757
175,七喜传媒有限公司,建筑工程,小微企业,2025-06-01,陈林,13451238282
176,艾提科信传媒有限公司,制造业,中型企业,2025-09-20,方彬,13966093796
177,超艺网络有限公司,教育培训,大型企业,2025-03-05,崔鑫,13218255371
178,信诚致远信息有限公司,制造业,小微企业,2026-01-03,邓林,15857924991
179,双敏电子科技有限公司,教育培训,小微企业,2025-03-31,李柳,18528669296
180,盟新传媒有限公司,教育培训,中型企业,2026-02-02,罗小红,15222579050
181,创汇网络有限公司,商贸零售,中型企业,2026-06-22,党璐,15576767721
182,创亿信息有限公司,制造业,小微企业,2024-10-22,刘玉兰,13979788191
183,襄樊地球村信息有限公司,建筑工程,中型企业,2025-11-22,廖丽丽,13136134074
184,兰金电子传媒有限公司,商贸零售,中型企业,2026-07-31,石静,14795962923
185,创联世纪信息有限公司,教育培训,大型企业,2025-11-14,唐兵,15744948126
186,快讯网络有限公司,建筑工程,大型企业,2026-03-25,刘凤英,18036729466
187,泰麒麟科技有限公司,教育培训,小微企业,2025-08-05,杜洁,18775901751
188,华远软件传媒有限公司,教育培训,中型企业,2026-06-29,胡凤英,18045892975
189,济南亿次元科技有限公司,制造业,小微企业,2026-01-26,王晨,18770632424
190,联通时科信息有限公司,建筑工程,小微企业,2024-11-30,田志强,13564361103
191,泰麒麟网络有限公司,制造业,大型企业,2026-01-01,郭玉,13405162713
192,兰金电子科技有限公司,教育培训,小微企业,2024-12-16,黄梅,13862218909
193,七喜信息有限公司,建筑工程,中型企业,2026-04-11,曹建国,18297311219
194,飞利信传媒有限公司,教育培训,小微企业,2025-05-29,刘凯,15089994043
195,浙大万朋信息有限公司,建筑工程,小微企业,2026-02-10,贾秀英,18861379180
196,双敏电子网络有限公司,建筑工程,大型企业,2025-07-24,黄雷,13371091043
197,创联世纪传媒有限公司,IT互联网,中型企业,2025-10-25,曹桂花,13366618892
198,彩虹信息有限公司,制造业,小微企业,2024-11-27,沙建军,13156914630
199,兰金电子传媒有限公司,IT互联网,中型企业,2024-12-26,邓华,15221020275
200,飞海科技信息有限公司,制造业,小微企业,2025-01-03,卢欢,13305648149
201,浦华众城传媒有限公司,建筑工程,小微企业,2025-10-28,王志强,15824191380
202,和泰网络有限公司,建筑工程,小微企业,2024-11-01,黄建国,13908635365
203,泰麒麟信息有限公司,IT互联网,大型企业,2024-12-28,张平,15917445187
204,中建创业网络有限公司,IT互联网,大型企业,2025-05-11,傅丽,18759738320
205,鑫博腾飞网络有限公司,制造业,小微企业,2025-11-21,曾磊,15706413836
206,创联世纪网络有限公司,制造业,大型企业,2026-04-02,李敏,18986571918
207,维涛传媒有限公司,商贸零售,大型企业,2024-11-24,周建华,15044565574
208,泰麒麟网络有限公司,制造业,中型企业,2025-01-10,张志强,18775618537
209,巨奥信息有限公司,教育培训,大型企业,2026-07-21,李莉,18090352135
210,太极科技有限公司,商贸零售,中型企业,2026-03-06,刘雷,13467883171
211,菊风公司科技有限公司,商贸零售,小微企业,2024-11-13,李莹,15819941013
212,惠派国际公司科技有限公司,建筑工程,中型企业,2026-08-30,李丽华,13529667066
213,立信电子网络有限公司,制造业,中型企业,2026-09-02,陈秀芳,18920999347
214,精芯传媒有限公司,商贸零售,大型企业,2024-11-13,陈成,18238380657
215,飞利信信息有限公司,商贸零售,大型企业,2025-07-25,张玉珍,14530407859
216,易动力科技有限公司,制造业,中型企业,2025-04-07,刘华,13339652239
217,立信电子科技有限公司,教育培训,中型企业,2026-03-27,华建,13237842701
218,时刻网络有限公司,教育培训,大型企业,2024-10-12,王杨,15325250029
219,恒聪百汇信息有限公司,商贸零售,小微企业,2024-11-22,魏桂珍,13215452267
220,华泰通安信息有限公司,商贸零售,小微企业,2025-03-19,吴英,13820969029
221,东方峻景网络有限公司,IT互联网,小微企业,2026-02-05,盛建,15713552157
222,天开网络有限公司,商贸零售,大型企业,2025-04-08,黄宁,18600676267
223,飞利信传媒有限公司,建筑工程,中型企业,2024-12-14,韦芳,13971040541
224,数字100网络有限公司,商贸零售,中型企业,2026-08-17,张宇,13115997062
225,易动力科技有限公司,商贸零售,大型企业,2024-12-14,张坤,18288444310
226,鸿睿思博传媒有限公司,制造业,中型企业,2025-01-24,黄琳,13649731032
227,彩虹传媒有限公司,制造业,中型企业,2026-07-14,陈桂珍,18874186256
228,盟新传媒有限公司,商贸零售,小微企业,2024-10-31,徐燕,15049021158
229,富罳网络有限公司,IT互联网,中型企业,2025-11-30,陶婷婷,13179374160
230,菊风公司传媒有限公司,建筑工程,小微企业,2025-02-08,师想,13806163294
231,凌云科技有限公司,商贸零售,小微企业,2025-07-25,罗丹,13070998616
232,思优科技有限公司,商贸零售,中型企业,2026-09-15,郑帅,15348564679
233,戴硕电子网络有限公司,建筑工程,中型企业,2025-04-28,李莹,13565307450
234,恩悌信息有限公司,制造业,中型企业,2025-05-02,严帅,18132475469
235,商软冠联传媒有限公司,建筑工程,大型企业,2025-03-10,钟柳,18008214862
236,华泰通安网络有限公司,教育培训,中型企业,2026-08-07,史艳,13570534578
237,维涛科技有限公司,教育培训,中型企业,2026-03-10,刘小红,14572798552
238,兰金电子信息有限公司,制造业,小微企业,2024-10-18,王楠,18133346800
239,惠派国际公司网络有限公司,建筑工程,小微企业,2026-01-06,刘秀珍,18546657437
240,群英传媒有限公司,教育培训,中型企业,2025-12-24,王柳,13199441715
241,维涛信息有限公司,制造业,小微企业,2026-07-28,刘梅,14728309652
242,浦华众城信息有限公司,教育培训,中型企业,2025-04-16,赵明,13293538758
243,飞海科技网络有限公司,建筑工程,大型企业,2025-05-13,马秀兰,18682513534
244,网新恒天信息有限公司,建筑工程,中型企业,2025-04-17,孙欢,18809991738
245,新格林耐特信息有限公司,教育培训,大型企业,2025-08-13,孔建国,13835697252
246,信诚致远信息有限公司,制造业,中型企业,2026-01-30,陈华,13474329271
247,东方峻景传媒有限公司,教育培训,小微企业,2026-02-01,赵荣,15900835058
248,九方科技有限公司,建筑工程,小微企业,2026-01-26,刘红梅,15221689421
249,恩悌信息有限公司,IT互联网,小微企业,2025-09-16,周亮,15775326033
250,华远软件科技有限公司,教育培训,大型企业,2025-12-29,李明,15948909010
251,恒聪百汇传媒有限公司,商贸零售,中型企业,2025-09-07,李娟,18823046184
252,万迅电脑科技有限公司,IT互联网,小微企业,2025-10-29,陈宁,18839348356
253,易动力科技有限公司,建筑工程,大型企业,2025-11-26,欧秀华,15730011972
254,太极科技有限公司,建筑工程,大型企业,2026-04-12,岳敏,18744701204
255,双敏电子传媒有限公司,制造业,大型企业,2026-04-23,李平,13422557941
256,数字100网络有限公司,建筑工程,大型企业,2024-12-24,赵淑英,15167621202
257,万迅电脑传媒有限公司,建筑工程,大型企业,2026-06-12,张春梅,13359027716
258,济南亿次元科技有限公司,IT互联网,中型企业,2025-04-18,王芳,15658891637
259,通际名联传媒有限公司,IT互联网,大型企业,2025-01-20,王晨,13077217535
260,海创网络有限公司,建筑工程,大型企业,2025-11-28,赵静,13677971775
261,浦华众城科技有限公司,商贸零售,小微企业,2024-12-15,赵伟,18019948837
262,联通时科科技有限公司,IT互联网,大型企业,2026-06-23,顾玉英,13199757113
263,数字100信息有限公司,IT互联网,大型企业,2026-07-03,高柳,18510272614
264,商软冠联科技有限公司,商贸零售,大型企业,2026-09-19,张坤,18551609177
265,浦华众城科技有限公司,教育培训,中型企业,2025-11-12,罗雪梅,18097829221
266,商软冠联信息有限公司,IT互联网,大型企业,2025-10-23,周艳,15165472269
267,精芯信息有限公司,制造业,中型企业,2026-04-02,张桂兰,15652288515
268,四通传媒有限公司,建筑工程,小微企业,2026-03-04,温玉华,15308106200
269,毕博诚网络有限公司,IT互联网,大型企业,2025-05-07,李飞,18543805719
270,通际名联传媒有限公司,教育培训,大型企业,2025-03-30,杜辉,15966580043
271,创亿信息有限公司,建筑工程,中型企业,2026-05-06,石想,15272122816
272,方正科技信息有限公司,IT互联网,中型企业,2025-12-03,李霞,13457202590
273,信诚致远信息有限公司,商贸零售,大型企业,2024-11-22,郭彬,13018268861
274,创亿网络有限公司,IT互联网,大型企业,2026-02-24,杨英,14798780157
275,通际名联网络有限公司,商贸零售,大型企业,2024-10-27,吴林,15948408588
276,信诚致远科技有限公司,制造业,中型企业,2025-05-15,杨凯,13728801336
277,易动力传媒有限公司,教育培训,大型企业,2026-02-11,姜建军,13475011024
278,鸿睿思博网络有限公司,教育培训,中型企业,2026-09-04,赵欣,15566506180
279,四通科技有限公司,制造业,小微企业,2026-03-25,黄桂花,13744914766
280,佳禾网络有限公司,建筑工程,小微企业,2025-11-15,李秀荣,15384245088
281,菊风公司科技有限公司,商贸零售,小微企业,2024-09-30,何凯,15235368222
282,东方峻景信息有限公司,制造业,小微企业,2025-02-24,张鹏,18187814141
283,四通传媒有限公司,商贸零售,中型企业,2025-06-10,李静,13749135775
284,四通网络有限公司,教育培训,小微企业,2025-12-10,熊琳,13905336452
285,国讯传媒有限公司,IT互联网,中型企业,2025-09-07,金桂芝,13112914283
286,趋势科技有限公司,教育培训,小微企业,2026-04-15,易璐,15509969308
287,襄樊地球村传媒有限公司,IT互联网,中型企业,2026-02-16,黄芳,18994278816
288,迪摩科技有限公司,IT互联网,小微企业,2026-02-23,郝志强,13382722992
289,立信电子科技有限公司,商贸零售,大型企业,2025-03-15,刘燕,15830385677
290,济南亿次元信息有限公司,制造业,小微企业,2024-12-16,黎燕,13289266591
291,新格林耐特网络有限公司,IT互联网,小微企业,2025-11-02,黄红梅,18879082723
292,太极信息有限公司,商贸零售,大型企业,2025-03-10,张畅,14513651777
293,富罳网络有限公司,教育培训,中型企业,2026-02-11,王平,13899228092
294,飞海科技信息有限公司,制造业,大型企业,2026-09-13,郭秀云,14590413797
295,飞海科技网络有限公司,商贸零售,小微企业,2026-07-03,许博,14584257991
296,新格林耐特传媒有限公司,IT互联网,小微企业,2025-01-07,王璐,15662912799
297,同兴万点科技有限公司,IT互联网,大型企业,2024-12-08,潘伟,18968650863
298,新格林耐特信息有限公司,教育培训,大型企业,2025-12-28,周霞,18831498643
299,超艺科技有限公司,教育培训,中型企业,2025-11-04,黄文,18556512694
300,同兴万点传媒有限公司,IT互联网,大型企业,2025-12-09,邓桂珍,13336887258
