customer_id,final_status,lose_reason
1,流失,项目取消
2,流失,预算不足
3,成交,已成交
4,成交,已成交
5,流失,选择其他供应商
6,流失,选择其他供应商
7,流失,选择其他供应商
8,流失,预算不足
9,流失,预算不足
10,流失,预算不足
11,流失,报价高于竞品
12,流失,预算不足
13,流失,项目取消
14,流失,项目取消
15,成交,已成交
16,流失,选择其他供应商
17,成交,已成交
18,流失,交付周期无法满足
19,流失,交付周期无法满足
20,成交,已成交
21,成交,已成交
22,成交,已成交
23,流失,交付周期无法满足
24,流失,项目取消
25,成交,已成交
26,流失,预算不足
27,流失,报价高于竞品
28,流失,预算不足
29,流失,预算不足
30,成交,已成交
31,流失,项目取消
32,流失,预算不足
33,流失,交付周期无法满足
34,流失,项目取消
35,流失,交付周期无法满足
36,流失,预算不足
37,成交,已成交
38,成交,已成交
39,成交,已成交
40,成交,已成交
41,流失,预算不足
42,流失,报价高于竞品
43,流失,交付周期无法满足
44,成交,已成交
45,流失,项目取消
46,流失,交付周期无法满足
47,流失,预算不足
48,流失,交付周期无法满足
49,流失,选择其他供应商
50,流失,项目取消
51,流失,交付周期无法满足
52,流失,项目取消
53,成交,已成交
54,成交,已成交
55,流失,项目取消
56,流失,交付周期无法满足
57,成交,已成交
58,流失,项目取消
59,成交,已成交
60,流失,项目取消
61,成交,已成交
62,流失,项目取消
63,成交,已成交
64,流失,报价高于竞品
65,流失,预算不足
66,流失,项目取消
67,成交,已成交
68,流失,预算不足
69,流失,报价高于竞品
70,成交,已成交
71,成交,已成交
72,成交,已成交
73,流失,预算不足
74,流失,预算不足
75,流失,报价高于竞品
76,流失,预算不足
77,成交,已成交
78,流失,交付周期无法满足
79,流失,交付周期无法满足
80,成交,已成交
81,流失,项目取消
82,流失,预算不足
83,流失,选择其他供应商
84,流失,报价高于竞品
85,流失,预算不足
86,流失,预算不足
87,流失,交付周期无法满足
88,流失,预算不足
89,流失,交付周期无法满足
90,成交,已成交
91,流失,项目取消
92,流失,选择其他供应商
93,流失,项目取消
94,流失,报价高于竞品
95,流失,预算不足
96,成交,已成交
97,流失,选择其他供应商
98,成交,已成交
99,成交,已成交
100,流失,项目取消
101,流失,预算不足
102,流失,项目取消
103,成交,已成交
104,流失,预算不足
105,流失,选择其他供应商
106,流失,项目取消
107,流失,报价高于竞品
108,流失,选择其他供应商
109,成交,已成交
110,流失,选择其他供应商
111,流失,项目取消
112,流失,选择其他供应商
113,成交,已成交
114,流失,交付周期无法满足
115,流失,交付周期无法满足
116,流失,项目取消
117,流失,交付周期无法满足
118,流失,预算不足
119,成交,已成交
120,流失,交付周期无法满足
121,流失,项目取消
122,成交,已成交
123,流失,选择其他供应商
124,流失,预算不足
125,流失,选择其他供应商
126,流失,报价高于竞品
127,流失,预算不足
128,流失,预算不足
129,流失,预算不足
130,流失,交付周期无法满足
131,流失,交付周期无法满足
132,流失,选择其他供应商
133,流失,预算不足
134,流失,项目取消
135,成交,已成交
136,流失,预算不足
137,成交,已成交
138,成交,已成交
139,流失,选择其他供应商
140,流失,预算不足
141,成交,已成交
142,流失,预算不足
143,流失,项目取消
144,成交,已成交
145,流失,报价高于竞品
146,流失,选择其他供应商
147,流失,报价高于竞品
148,流失,预算不足
149,流失,交付周期无法满足
150,流失,交付周期无法满足
151,流失,预算不足
152,流失,预算不足
153,流失,报价高于竞品
154,流失,交付周期无法满足
155,成交,已成交
156,流失,报价高于竞品
157,成交,已成交
158,成交,已成交
159,流失,预算不足
160,流失,报价高于竞品
161,流失,选择其他供应商
162,流失,选择其他供应商
163,成交,已成交
164,流失,预算不足
165,成交,已成交
166,成交,已成交
167,成交,已成交
168,流失,选择其他供应商
169,流失,选择其他供应商
170,成交,已成交
171,成交,已成交
172,流失,预算不足
173,成交,已成交
174,流失,交付周期无法满足
175,流失,报价高于竞品
176,流失,报价高于竞品
177,流失,选择其他供应商
178,流失,项目取消
179,流失,报价高于竞品
180,流失,预算不足
181,流失,预算不足
182,流失,项目取消
183,流失,选择其他供应商
184,成交,已成交
185,流失,预算不足
186,流失,项目取消
187,流失,选择其他供应商
188,流失,项目取消
189,流失,选择其他供应商
190,成交,已成交
191,成交,已成交
192,流失,交付周期无法满足
193,流失,交付周期无法满足
194,流失,预算不足
195,流失,项目取消
196,成交,已成交
197,流失,报价高于竞品
198,流失,报价高于竞品
199,成交,已成交
200,成交,已成交
201,流失,预算不足
202,流失,报价高于竞品
203,流失,项目取消
204,流失,报价高于竞品
205,成交,已成交
206,成交,已成交
207,流失,预算不足
208,流失,预算不足
209,流失,交付周期无法满足
210,流失,选择其他供应商
211,流失,预算不足
212,流失,报价高于竞品
213,成交,已成交
214,流失,交付周期无法满足
215,流失,报价高于竞品
216,流失,报价高于竞品
217,成交,已成交
218,流失,项目取消
219,成交,已成交
220,流失,选择其他供应商
221,流失,交付周期无法满足
222,流失,报价高于竞品
223,成交,已成交
224,流失,预算不足
225,成交,已成交
226,流失,项目取消
227,流失,交付周期无法满足
228,流失,选择其他供应商
229,流失,项目取消
230,流失,预算不足
231,流失,报价高于竞品
232,流失,项目取消
233,成交,已成交
234,成交,已成交
235,成交,已成交
236,成交,已成交
237,成交,已成交
238,流失,选择其他供应商
239,成交,已成交
240,流失,交付周期无法满足
241,成交,已成交
242,成交,已成交
243,流失,选择其他供应商
244,成交,已成交
245,成交,已成交
246,流失,项目取消
247,流失,交付周期无法满足
248,流失,交付周期无法满足
249,成交,已成交
250,流失,项目取消
251,流失,报价高于竞品
252,成交,已成交
253,流失,项目取消
254,流失,项目取消
255,流失,交付周期无法满足
256,流失,项目取消
257,流失,预算不足
258,流失,交付周期无法满足
259,流失,交付周期无法满足
260,流失,交付周期无法满足
261,成交,已成交
262,流失,交付周期无法满足
263,成交,已成交
264,成交,已成交
265,流失,报价高于竞品
266,流失,报价高于竞品
267,流失,选择其他供应商
268,流失,预算不足
269,成交,已成交
270,成交,已成交
271,流失,项目取消
272,流失,预算不足
273,成交,已成交
274,流失,预算不足
275,流失,交付周期无法满足
276,成交,已成交
277,流失,预算不足
278,成交,已成交
279,流失,预算不足
280,流失,项目取消
281,流失,交付周期无法满足
282,流失,报价高于竞品
283,流失,选择其他供应商
284,流失,报价高于竞品
285,流失,交付周期无法满足
286,流失,报价高于竞品
287,流失,预算不足
288,成交,已成交
289,流失,项目取消
290,流失,选择其他供应商
291,成交,已成交
292,流失,交付周期无法满足
293,流失,交付周期无法满足
294,流失,项目取消
295,流失,选择其他供应商
296,流失,交付周期无法满足
297,流失,预算不足
298,流失,报价高于竞品
299,成交,已成交
300,成交,已成交
