quote_id,customer_id,quote_date,product_name,quote_amount,delivery_days
1,259,2025-12-02,D产品,166960.99,60
2,229,2025-10-07,B产品,150012.81,45
3,231,2025-04-12,C产品,151596.47,30
4,267,2025-05-23,D产品,127215.95,30
5,226,2025-12-19,A产品,144141.25,15
6,140,2025-06-21,C产品,67343.37,60
7,42,2026-05-21,B产品,34411.98,45
8,79,2026-03-28,B产品,17524.63,45
9,170,2025-08-02,D产品,86075.98,15
10,216,2026-04-21,D产品,181443.5,60
11,11,2025-01-12,D产品,98011.05,30
12,153,2026-07-23,D产品,171422.35,45
13,276,2026-07-29,B产品,100204.75,30
14,224,2026-02-21,D产品,10659.84,30
15,208,2024-12-28,B产品,168898.6,15
16,274,2026-04-30,A产品,181851.13,60
17,289,2025-03-24,A产品,21369.76,45
18,70,2025-09-08,D产品,40437.16,30
19,195,2026-05-28,C产品,46273.76,30
20,173,2026-03-24,D产品,59260.04,45
21,130,2025-01-30,A产品,96709.83,60
22,27,2024-12-13,C产品,48723.32,7
23,21,2025-03-12,A产品,190174.29,15
24,11,2025-10-26,B产品,51516.26,45
25,59,2025-08-04,B产品,95681.63,30
26,189,2026-05-30,B产品,123149.08,7
27,84,2025-06-16,C产品,26079.26,7
28,160,2026-06-11,D产品,82347.62,15
29,39,2025-11-28,B产品,24870.75,30
30,62,2026-01-16,A产品,72704.73,45
31,190,2026-03-22,A产品,103662.35,30
32,7,2026-03-12,D产品,165354.53,7
33,222,2026-03-29,C产品,128939.1,45
34,79,2024-11-06,D产品,39346.71,60
35,139,2025-01-29,D产品,95650.39,60
36,138,2025-07-26,C产品,171084.07,7
37,143,2026-02-02,D产品,52553.37,45
38,292,2024-10-01,D产品,70597.34,45
39,167,2026-06-13,B产品,100072.24,30
40,133,2024-12-06,C产品,59533.41,60
41,142,2026-06-28,A产品,105742.31,15
42,44,2025-01-17,B产品,145414.56,45
43,285,2025-09-28,B产品,139668.82,45
44,230,2026-09-16,A产品,23145.4,15
45,208,2026-01-06,B产品,64710.18,60
46,189,2025-08-31,D产品,112927.23,30
47,218,2024-12-04,C产品,73603.05,45
48,139,2024-11-15,C产品,54023.72,7
49,99,2025-04-19,C产品,28313.17,60
50,95,2025-03-18,B产品,47195.0,45
51,142,2025-07-12,C产品,196199.57,15
52,152,2024-11-28,B产品,75371.81,30
53,8,2026-01-13,B产品,58490.71,7
54,284,2024-10-26,C产品,140996.39,15
55,252,2026-04-12,A产品,175180.35,60
56,146,2025-07-22,D产品,98349.27,30
57,95,2026-09-19,A产品,54233.29,45
58,59,2025-08-04,A产品,83137.95,7
59,296,2026-01-16,A产品,34586.77,60
60,156,2026-02-18,A产品,198814.03,7
61,286,2025-11-05,D产品,123231.94,60
62,116,2025-05-07,D产品,92850.32,45
63,153,2026-04-02,D产品,64549.15,60
64,31,2026-01-04,A产品,189780.09,15
65,109,2024-11-10,C产品,133783.49,15
66,123,2026-05-20,B产品,112638.49,15
67,2,2026-06-26,D产品,92848.22,60
68,241,2025-02-10,C产品,11364.77,30
69,145,2026-02-06,D产品,18880.05,15
70,136,2025-10-15,B产品,87902.1,60
71,116,2025-09-02,B产品,182140.23,15
72,37,2024-10-05,A产品,37354.94,30
73,292,2025-03-02,C产品,90634.92,45
74,156,2026-07-19,D产品,188821.87,60
75,277,2026-02-19,D产品,90362.98,60
76,21,2026-09-19,D产品,148234.12,60
77,129,2026-06-13,A产品,22808.74,60
78,11,2025-11-03,C产品,117368.16,15
79,241,2025-05-07,D产品,183634.19,15
80,300,2025-02-25,D产品,128783.02,45
81,47,2024-10-23,D产品,72852.41,30
82,165,2026-05-28,A产品,172257.95,30
83,211,2026-01-05,D产品,61202.47,45
84,282,2025-10-28,A产品,93691.05,30
85,130,2025-11-01,C产品,27604.71,45
86,264,2026-03-23,A产品,133243.78,60
87,237,2025-03-25,D产品,15569.8,60
88,186,2026-01-17,D产品,126954.7,7
89,105,2025-02-05,C产品,112097.83,30
90,225,2026-03-04,D产品,28678.09,60
91,123,2024-10-25,B产品,65596.28,7
92,283,2025-07-03,D产品,23175.79,7
93,237,2025-03-31,A产品,131303.39,15
94,256,2026-02-17,C产品,104230.04,30
95,213,2024-09-27,D产品,196147.7,15
96,234,2025-01-27,B产品,79799.27,60
97,261,2024-12-03,B产品,173485.25,30
98,213,2025-04-29,C产品,187178.44,60
99,137,2026-05-25,A产品,60153.6,30
100,297,2025-08-03,D产品,173725.82,45
101,276,2025-06-28,D产品,72299.17,60
102,279,2026-03-01,D产品,93792.2,30
103,97,2025-07-30,B产品,116500.54,15
104,211,2025-08-07,A产品,67044.38,45
105,196,2025-12-26,D产品,197740.73,15
106,254,2025-03-01,A产品,29618.02,60
107,170,2025-11-03,A产品,175467.12,45
108,52,2024-10-08,D产品,7992.78,15
109,210,2026-04-22,B产品,19591.51,30
110,174,2026-03-27,D产品,131718.15,30
111,274,2024-11-19,D产品,191057.22,45
112,278,2026-09-10,A产品,125404.6,15
113,148,2024-12-06,B产品,150619.44,45
114,51,2025-11-27,A产品,91517.32,30
115,15,2025-05-05,A产品,68253.06,7
116,151,2026-04-14,C产品,78094.01,15
117,126,2026-07-03,D产品,115355.97,15
118,88,2025-12-05,B产品,20398.83,45
119,124,2026-09-07,D产品,183001.66,15
120,119,2025-12-23,D产品,129391.4,45
121,131,2025-06-24,A产品,180287.16,45
122,148,2025-06-23,B产品,19403.07,30
123,154,2026-06-22,D产品,139611.13,45
124,155,2025-04-29,B产品,199877.85,45
125,55,2025-03-21,B产品,79366.04,30
126,295,2026-01-10,C产品,198574.95,30
127,12,2025-02-25,D产品,58523.67,60
128,26,2025-09-15,D产品,167403.59,30
129,118,2026-09-19,C产品,47705.89,15
130,129,2025-08-06,B产品,127508.38,7
131,159,2025-12-17,D产品,11506.08,30
132,68,2024-09-30,A产品,182377.42,30
133,213,2025-04-17,B产品,44154.98,60
134,188,2025-02-09,C产品,166942.16,30
135,247,2025-08-09,C产品,150579.07,30
136,59,2025-10-25,D产品,192764.19,15
137,116,2024-12-18,D产品,193617.6,60
138,188,2025-12-04,A产品,159182.98,7
139,136,2024-11-22,A产品,93683.28,30
140,300,2025-10-22,D产品,165371.37,30
141,56,2025-05-13,B产品,96937.99,60
142,288,2025-06-18,C产品,183474.9,15
143,33,2024-12-26,D产品,182330.59,30
144,210,2026-06-12,A产品,32256.52,7
145,156,2025-10-30,D产品,27643.49,15
146,276,2025-04-15,B产品,80785.94,30
147,277,2026-08-08,D产品,119531.37,15
148,213,2025-11-18,A产品,167570.15,60
149,209,2026-06-20,C产品,11379.68,30
150,112,2026-06-05,D产品,91715.69,15
151,186,2025-12-17,A产品,196280.91,30
152,279,2025-04-09,C产品,16807.27,30
153,98,2026-03-20,A产品,190057.1,45
154,47,2025-09-05,B产品,130132.37,60
155,11,2025-07-16,A产品,158424.95,15
156,65,2025-12-08,B产品,18378.98,60
157,107,2025-10-07,B产品,163545.33,15
158,169,2026-05-18,B产品,158785.53,60
159,2,2025-04-03,C产品,172389.19,15
160,67,2026-05-08,C产品,160710.2,7
161,14,2025-06-17,B产品,7897.76,15
162,166,2026-05-22,A产品,38978.01,7
163,65,2025-09-18,D产品,107586.68,7
164,244,2026-03-10,D产品,156713.32,60
165,56,2025-09-19,D产品,103248.54,60
166,23,2026-08-24,C产品,94318.29,7
167,32,2025-12-26,D产品,170223.22,45
168,56,2026-07-28,D产品,143918.26,45
169,38,2024-10-18,A产品,67811.8,15
170,34,2025-10-06,B产品,58628.12,60
171,281,2024-12-26,C产品,79276.36,60
172,272,2025-04-15,C产品,93474.51,60
173,221,2024-11-18,A产品,159653.74,7
174,283,2025-07-21,B产品,88863.64,15
175,212,2026-02-01,C产品,166346.75,45
176,213,2026-06-01,A产品,65946.93,30
177,131,2025-03-17,C产品,190950.54,45
178,35,2026-03-06,A产品,167195.52,7
179,222,2026-03-25,A产品,150194.85,30
180,67,2025-03-24,A产品,119360.69,60
181,288,2026-06-10,C产品,135652.59,45
182,182,2025-05-30,D产品,174277.97,7
183,148,2025-08-13,C产品,73571.01,60
184,260,2025-06-28,B产品,35172.38,45
185,115,2025-11-02,A产品,73272.23,60
186,189,2025-11-17,A产品,153708.1,60
187,116,2024-10-04,D产品,169805.26,60
188,286,2026-03-25,A产品,123754.01,30
189,15,2026-07-05,B产品,58287.73,30
190,174,2025-04-19,C产品,6190.63,15
191,290,2025-04-07,D产品,18569.16,7
192,47,2025-05-08,B产品,78357.91,45
193,175,2024-12-08,B产品,77160.35,30
194,291,2025-08-02,A产品,177251.73,15
195,81,2026-03-04,A产品,136423.9,30
196,227,2026-05-01,D产品,99704.03,45
197,213,2026-06-26,C产品,47035.95,60
198,59,2025-06-19,C产品,88833.16,30
199,250,2024-11-25,C产品,13856.39,45
200,29,2025-12-01,A产品,44862.51,15
201,71,2026-09-20,C产品,61442.19,7
202,4,2025-02-12,D产品,150667.75,15
203,67,2025-10-02,D产品,108853.56,15
204,257,2025-05-28,C产品,19054.72,7
205,224,2025-06-28,A产品,94652.08,7
206,161,2025-03-15,D产品,116812.94,45
207,149,2026-08-22,A产品,83981.3,30
208,88,2025-12-16,D产品,167245.05,30
209,46,2025-04-23,D产品,169674.45,15
210,224,2025-02-15,D产品,107172.7,45
211,159,2026-04-29,C产品,48206.55,15
212,40,2026-03-11,A产品,108467.94,15
213,179,2026-09-19,C产品,146838.93,15
214,121,2026-09-03,A产品,33556.62,15
215,89,2025-02-21,B产品,153241.98,7
216,91,2025-10-19,D产品,95470.85,60
217,297,2026-04-22,D产品,137821.03,60
218,166,2025-03-01,C产品,34436.69,7
219,241,2025-03-28,D产品,128120.1,30
220,29,2026-04-21,C产品,103930.69,30
221,237,2025-04-03,D产品,12333.41,30
222,147,2026-08-05,A产品,130709.96,7
223,260,2025-04-21,D产品,95228.77,60
224,22,2025-03-06,D产品,182264.74,60
225,97,2025-03-24,C产品,122976.14,60
226,78,2025-03-03,A产品,92852.01,30
227,44,2026-07-07,B产品,12632.71,45
228,225,2025-04-08,B产品,75960.1,30
229,199,2026-07-08,D产品,156020.63,60
230,27,2026-01-20,C产品,17852.81,7
231,286,2025-06-30,D产品,60408.66,60
232,77,2025-01-26,C产品,20892.89,15
233,180,2026-05-25,C产品,193700.82,45
234,67,2024-12-18,A产品,65368.47,45
235,169,2024-12-29,B产品,135672.7,60
236,48,2026-09-11,D产品,104155.25,7
237,186,2024-11-26,C产品,40151.27,15
238,175,2026-03-05,D产品,42441.02,15
239,80,2026-02-24,A产品,62679.46,7
240,260,2025-10-14,A产品,134076.2,60
241,68,2026-01-16,D产品,35079.29,15
242,85,2024-10-02,D产品,13520.02,30
243,122,2026-05-13,D产品,124066.11,45
244,120,2026-07-24,B产品,65346.24,45
245,100,2025-11-21,C产品,137269.83,60
246,226,2024-10-29,D产品,155040.52,45
247,258,2026-07-17,D产品,193422.29,15
248,71,2025-10-06,C产品,15175.06,45
249,191,2025-07-12,A产品,143723.19,60
250,64,2026-01-22,C产品,21355.65,15
251,140,2025-05-29,D产品,181534.71,15
252,224,2025-10-14,A产品,189550.59,15
253,231,2026-08-25,C产品,186442.03,45
254,28,2026-08-12,D产品,102891.39,15
255,198,2026-08-24,A产品,78107.97,7
256,164,2025-12-17,A产品,168639.38,30
257,75,2026-08-02,B产品,12469.12,45
258,72,2025-04-28,D产品,92477.29,7
259,41,2025-10-13,A产品,54905.17,15
260,281,2025-02-16,D产品,26681.44,30
261,122,2026-05-13,C产品,28760.43,15
262,215,2026-09-08,D产品,17247.39,45
263,275,2025-10-29,A产品,128231.21,60
264,124,2025-05-02,B产品,61798.04,7
265,181,2025-08-02,B产品,116279.42,15
266,44,2025-03-18,C产品,18197.47,60
267,279,2026-05-02,A产品,81138.48,45
268,23,2025-12-18,D产品,196302.69,30
269,9,2025-01-04,C产品,158761.4,30
270,124,2024-11-08,A产品,155442.77,30
271,69,2025-11-09,A产品,73698.31,30
272,90,2026-06-09,D产品,196259.74,45
273,94,2025-08-21,B产品,17304.6,45
274,19,2025-10-03,C产品,44310.24,15
275,22,2026-09-26,C产品,187007.34,60
276,204,2025-11-21,D产品,54396.18,15
277,147,2024-10-22,C产品,173117.01,7
278,170,2025-10-22,C产品,29272.63,30
279,224,2025-06-23,D产品,149945.0,45
280,174,2025-07-29,B产品,101759.63,45
281,189,2026-07-27,C产品,161223.88,45
282,41,2026-03-14,D产品,122478.39,15
283,280,2026-05-22,C产品,67636.23,7
284,168,2025-02-09,C产品,64766.69,60
285,219,2025-09-17,B产品,139504.14,30
286,229,2024-12-29,A产品,146728.81,30
287,223,2026-03-23,C产品,129696.52,7
288,39,2025-11-03,D产品,75845.67,15
289,16,2025-09-19,B产品,170490.52,45
290,18,2025-05-30,B产品,18110.51,30
291,186,2026-03-16,D产品,190146.09,7
292,79,2024-10-03,D产品,190020.59,30
293,228,2024-10-06,A产品,116914.75,60
294,188,2026-03-04,D产品,66305.16,30
295,128,2025-03-09,A产品,10053.1,15
296,256,2025-07-18,D产品,183140.79,7
297,135,2025-12-22,C产品,142287.37,15
298,147,2024-12-14,D产品,44034.78,15
299,38,2025-06-06,D产品,38667.99,45
300,45,2025-07-04,C产品,135228.76,7
301,282,2026-01-15,C产品,178809.68,15
302,90,2026-07-28,C产品,104207.37,7
303,103,2025-04-16,B产品,51163.56,45
304,14,2025-02-19,C产品,113034.18,30
305,240,2025-11-27,B产品,124329.93,7
306,34,2025-04-19,C产品,82641.2,45
307,270,2025-03-30,D产品,154987.09,60
308,38,2025-04-24,B产品,194614.05,7
309,231,2025-09-28,D产品,137621.25,30
310,66,2026-01-16,B产品,154717.42,15
311,222,2025-06-20,A产品,167121.21,60
312,79,2025-07-08,C产品,37108.13,30
313,116,2025-02-16,C产品,189759.21,60
314,146,2025-10-19,A产品,53868.04,60
315,141,2025-08-22,B产品,126879.36,60
316,274,2025-03-09,A产品,103001.76,15
317,298,2025-08-18,B产品,38384.12,60
318,173,2026-03-25,A产品,165921.07,7
319,42,2026-05-04,A产品,189966.64,60
320,136,2025-07-13,B产品,154557.01,45
321,16,2025-07-07,D产品,178354.39,60
322,149,2026-07-22,C产品,99174.24,45
323,153,2025-08-04,D产品,19229.74,7
324,81,2025-05-02,D产品,86046.24,45
325,105,2025-09-12,C产品,123298.75,30
326,164,2025-02-13,C产品,195197.95,15
327,190,2025-12-14,A产品,67227.6,45
328,63,2025-01-06,C产品,92671.22,15
329,50,2025-12-18,A产品,61591.34,45
330,215,2026-03-13,B产品,192723.74,15
331,168,2025-03-23,C产品,42017.65,15
332,256,2026-06-21,D产品,102258.14,30
333,255,2024-12-13,A产品,22559.57,45
334,259,2026-04-09,D产品,193503.89,15
335,299,2025-04-24,C产品,14488.34,30
336,254,2026-06-13,D产品,60720.93,7
337,56,2025-03-29,D产品,31117.31,30
338,188,2025-12-02,D产品,76357.78,45
339,27,2025-08-28,B产品,75692.14,30
340,38,2026-07-24,D产品,103329.83,60
341,144,2025-07-19,A产品,30089.36,7
342,202,2025-02-26,C产品,160004.96,30
343,286,2025-01-18,C产品,152218.21,15
344,261,2026-06-10,D产品,102515.19,7
345,20,2026-04-23,B产品,144150.41,45
346,266,2025-01-21,D产品,34043.43,60
347,72,2025-09-29,C产品,186616.9,30
348,84,2026-06-14,D产品,198170.07,30
349,173,2024-10-04,D产品,143204.26,30
350,244,2025-02-11,A产品,76829.77,7
351,214,2025-08-20,C产品,160367.19,7
352,243,2025-10-20,C产品,193578.79,60
353,296,2025-01-09,B产品,145673.02,60
354,246,2026-08-21,B产品,107225.3,60
355,195,2026-07-18,B产品,165223.95,15
356,17,2026-01-29,A产品,42202.94,45
357,161,2025-11-02,D产品,34529.1,15
358,211,2025-11-15,D产品,175199.45,7
359,71,2026-04-09,B产品,114372.92,45
360,270,2025-05-30,D产品,66181.76,15
361,236,2026-05-29,C产品,111523.28,30
362,248,2025-10-09,B产品,191680.79,30
363,286,2025-05-18,C产品,48849.07,30
364,148,2025-04-09,B产品,139596.78,45
365,163,2025-12-07,D产品,73016.62,30
366,148,2026-07-25,A产品,116827.98,60
367,195,2025-12-12,D产品,164583.6,15
368,149,2024-11-03,A产品,61087.92,7
369,178,2025-08-02,D产品,132914.55,45
370,110,2024-12-12,B产品,166450.58,30
371,288,2026-03-17,C产品,31768.23,60
372,123,2025-01-31,B产品,14899.26,60
373,116,2024-11-12,B产品,15235.77,45
374,170,2025-03-13,D产品,24606.26,15
375,3,2026-06-21,B产品,84346.95,45
376,245,2025-04-12,B产品,152402.66,30
377,165,2025-10-02,C产品,130950.09,7
378,294,2026-07-10,B产品,109354.69,7
379,90,2026-01-29,D产品,177037.77,15
380,19,2024-12-10,D产品,158652.32,15
381,149,2025-09-11,A产品,6807.1,60
382,55,2026-04-28,C产品,60489.52,60
383,269,2025-06-13,D产品,178405.69,15
384,259,2025-04-16,D产品,58203.23,7
385,170,2025-07-04,B产品,147568.25,30
386,96,2025-07-03,A产品,148640.49,30
387,291,2025-12-06,B产品,39221.51,45
388,219,2025-12-04,C产品,21913.87,7
389,95,2026-09-20,B产品,98103.55,15
390,4,2026-06-18,C产品,79797.01,45
391,137,2025-04-15,C产品,63879.44,60
392,6,2025-06-21,C产品,132468.26,15
393,32,2024-10-12,A产品,95752.02,15
394,208,2025-08-12,C产品,139606.62,30
395,189,2024-12-30,B产品,47730.08,15
396,245,2025-06-26,B产品,93720.84,60
397,192,2026-08-01,D产品,141878.44,45
398,276,2026-03-08,B产品,153562.63,60
399,42,2026-01-10,D产品,107993.76,30
400,40,2025-02-28,A产品,17042.82,60
401,259,2025-12-19,B产品,116676.83,15
402,85,2025-12-18,C产品,171624.77,45
403,60,2026-02-13,B产品,144799.0,45
404,47,2026-02-13,D产品,162694.96,45
405,68,2025-11-19,D产品,94075.7,7
406,287,2025-02-09,D产品,136189.7,30
407,12,2026-05-26,D产品,54619.16,7
408,112,2025-05-06,A产品,13831.51,30
409,33,2025-06-29,A产品,187243.65,7
410,242,2025-06-06,A产品,60982.69,15
411,70,2026-03-03,D产品,78019.88,45
412,230,2025-10-28,D产品,78250.88,60
413,69,2025-10-10,C产品,28133.47,60
414,202,2026-05-21,B产品,146932.34,15
415,2,2026-04-22,A产品,195805.68,45
416,279,2025-09-09,D产品,108727.05,15
417,127,2026-08-18,D产品,72501.15,30
418,97,2024-11-26,A产品,11282.38,45
419,9,2025-07-19,B产品,45185.92,7
420,18,2026-01-16,D产品,121568.05,7
421,126,2025-05-07,A产品,83441.74,15
422,277,2025-09-22,B产品,152105.21,7
423,72,2026-01-30,C产品,50661.5,60
424,164,2025-01-17,C产品,51196.29,15
425,267,2026-08-02,B产品,85644.24,30
426,32,2025-02-04,B产品,127068.66,45
427,285,2026-02-06,D产品,14142.4,30
428,196,2026-06-16,C产品,140780.14,45
429,77,2026-09-18,C产品,78409.74,60
430,243,2025-06-16,B产品,170621.48,30
431,74,2025-08-20,D产品,183374.53,60
432,212,2026-01-30,D产品,113670.92,15
433,199,2026-01-15,B产品,54724.15,30
434,41,2025-12-15,D产品,170191.01,7
435,275,2025-08-07,B产品,15049.64,45
436,21,2026-07-18,A产品,41691.84,60
437,287,2026-09-01,B产品,98481.87,30
438,156,2024-11-21,A产品,46302.52,15
439,61,2024-11-27,D产品,183316.05,60
440,105,2025-01-30,D产品,183449.66,60
441,165,2025-06-20,C产品,79229.04,60
442,184,2025-03-23,C产品,56004.52,60
443,255,2025-05-28,D产品,24228.61,45
444,164,2025-05-31,B产品,77287.46,45
445,24,2026-02-16,B产品,149544.21,7
446,134,2025-05-11,D产品,62562.5,15
447,169,2026-04-01,B产品,79068.76,15
448,256,2025-04-22,C产品,55178.72,45
449,252,2026-01-10,D产品,37805.56,30
450,87,2026-02-09,B产品,145461.14,45
