customer_id,customer_name,region,industry,register_date
1,张静,华东,制造业,2024-02-10
2,齐欣,华北,商贸零售,2023-06-18
3,李浩,华南,商贸零售,2024-03-28
4,胡秀华,华东,互联网,2024-03-10
5,曾宇,华东,互联网,2024-12-12
6,王志强,西南,制造业,2023-01-06
7,唐桂花,华东,制造业,2024-10-16
8,刘秀云,华南,商贸零售,2023-09-14
9,赵倩,西北,互联网,2024-02-19
10,李芳,华东,互联网,2024-02-20
11,崔红,华南,互联网,2024-01-13
12,梁倩,西南,商贸零售,2024-02-20
13,罗想,西南,互联网,2024-09-17
14,韦秀兰,华北,制造业,2024-10-18
15,苏波,华南,建筑业,2023-03-30
16,韩成,华北,服务业,2023-12-16
17,陶颖,华南,商贸零售,2023-08-21
18,陈波,华北,制造业,2023-02-12
19,刘涛,华东,建筑业,2024-10-10
20,白晨,华东,服务业,2023-05-13
21,刘桂香,华北,互联网,2023-08-14
22,熊雪梅,华北,制造业,2024-08-25
23,李磊,西南,互联网,2024-01-22
24,李玉华,华东,建筑业,2023-09-30
25,郑红霞,华东,互联网,2023-12-06
26,陈淑珍,华北,互联网,2024-01-04
27,余峰,华北,互联网,2024-10-20
28,季琴,华南,制造业,2024-06-02
29,梁林,华东,商贸零售,2023-08-25
30,王淑华,华北,制造业,2024-02-03
31,许小红,华南,制造业,2023-07-12
32,陈英,西南,服务业,2024-09-12
33,杜秀云,西南,服务业,2023-09-15
34,贾斌,华南,服务业,2024-03-26
35,刘刚,华北,商贸零售,2023-10-19
36,邵鹏,华北,制造业,2023-04-27
37,王燕,西北,商贸零售,2023-10-10
38,李秀梅,西北,商贸零售,2024-07-25
39,亓春梅,华南,建筑业,2024-12-03
40,郭娜,西南,服务业,2023-02-13
41,王丽,西北,商贸零售,2024-04-21
42,樊勇,华北,制造业,2023-03-22
43,王秀云,华南,制造业,2023-03-18
44,杨峰,华北,建筑业,2023-09-30
45,胡峰,华北,制造业,2024-08-13
46,董秀华,华南,互联网,2024-05-16
47,张桂芝,华北,商贸零售,2023-02-10
48,屈秀荣,西南,建筑业,2024-02-27
49,张玉梅,西南,商贸零售,2023-06-29
50,高淑兰,华北,商贸零售,2024-11-04
51,宋小红,华南,互联网,2024-06-19
52,王敏,西北,服务业,2024-02-06
53,邓建国,西北,建筑业,2023-11-10
54,刘璐,西北,建筑业,2024-10-12
55,刘静,华北,商贸零售,2023-09-10
56,蓝霞,华南,互联网,2024-08-14
57,曾浩,西南,制造业,2023-10-18
58,路冬梅,华东,制造业,2024-07-07
59,蒲红梅,华南,商贸零售,2024-10-12
60,傅鹏,西南,互联网,2024-10-05
61,杨秀芳,华东,建筑业,2023-10-30
62,孟勇,西南,互联网,2023-09-04
63,唐俊,西南,互联网,2023-06-08
64,李兰英,华北,互联网,2023-02-10
65,曹燕,华东,制造业,2024-11-09
66,谢淑珍,西北,服务业,2023-10-26
67,张婷婷,华北,制造业,2024-04-27
68,白强,华北,建筑业,2023-01-03
69,薛桂花,华南,建筑业,2023-07-08
70,邵凯,华东,服务业,2023-09-04
71,杨峰,西北,商贸零售,2023-04-25
72,任欢,西北,制造业,2023-12-29
73,邓雪,华北,互联网,2024-08-10
74,蔡健,西北,商贸零售,2024-06-22
75,许利,华南,服务业,2023-11-08
76,宋瑜,华南,互联网,2024-10-30
77,尹霞,西北,制造业,2024-04-21
78,王兰英,西北,服务业,2023-11-11
79,程凤英,西南,制造业,2023-04-19
80,薛凤英,华东,服务业,2023-09-07
81,董秀珍,华北,商贸零售,2023-01-24
82,徐晶,华东,商贸零售,2023-10-31
83,方健,西北,制造业,2024-07-15
84,赵颖,华东,建筑业,2023-01-23
85,雷雪,华东,互联网,2023-08-11
86,刘华,华南,商贸零售,2023-09-14
87,蔡丽丽,西南,互联网,2024-03-16
88,罗英,华南,服务业,2024-11-24
89,吕燕,西北,互联网,2023-07-11
90,罗帅,西南,商贸零售,2024-08-26
91,陈秀英,西北,商贸零售,2024-06-05
92,徐龙,华北,建筑业,2023-06-19
93,张亮,华北,建筑业,2024-09-30
94,金秀荣,西北,建筑业,2024-10-01
95,乔阳,华东,商贸零售,2024-01-12
96,张云,华南,制造业,2024-06-27
97,刘婷,华北,制造业,2023-07-04
98,刘凤兰,西北,互联网,2024-04-16
99,王雪梅,华南,互联网,2023-02-26
100,陆辉,华南,制造业,2024-10-24
101,李云,华东,制造业,2023-04-11
102,孙秀芳,华南,制造业,2023-04-04
103,黄婷,华东,服务业,2024-08-20
104,高琴,华东,互联网,2024-05-10
105,郑凯,华南,服务业,2023-05-01
106,杨建平,西南,商贸零售,2024-01-26
107,吴阳,西北,商贸零售,2024-11-25
108,王利,西北,互联网,2023-08-16
109,张秀英,西南,商贸零售,2023-07-07
110,黄想,西南,建筑业,2023-12-20
111,刘建华,华南,制造业,2024-12-04
112,崔洋,华东,建筑业,2024-11-14
113,陈玲,华北,建筑业,2023-09-30
114,徐玉华,西南,建筑业,2024-02-03
115,苏宇,华东,制造业,2024-08-05
116,黎丽丽,华东,建筑业,2023-08-06
117,高帆,华北,制造业,2024-12-01
118,林瑜,华南,商贸零售,2023-02-11
119,张秀云,华南,互联网,2024-11-24
120,夏淑兰,西南,商贸零售,2023-11-24
121,何荣,西南,商贸零售,2024-12-26
122,王洁,华北,建筑业,2023-09-30
123,杨玉英,华南,制造业,2023-03-07
124,陈桂芝,西南,互联网,2023-03-03
125,李宇,华东,制造业,2024-07-05
126,邹琳,西北,制造业,2024-10-30
127,张秀华,华东,商贸零售,2023-07-23
128,杨鑫,华南,建筑业,2024-09-25
129,李兰英,西南,建筑业,2023-01-22
130,王飞,华南,建筑业,2023-02-13
131,郭林,华东,商贸零售,2023-03-14
132,陈雷,西南,制造业,2023-04-25
133,刘鹏,西南,服务业,2023-07-09
134,朱英,西南,服务业,2024-02-15
135,王丹,西南,互联网,2023-08-26
136,张楠,西南,商贸零售,2023-02-20
137,李秀华,华南,服务业,2024-01-09
138,张雪梅,华南,制造业,2024-05-06
139,曾佳,西北,互联网,2024-08-20
140,刘娜,华东,服务业,2024-05-04
141,张勇,华东,制造业,2024-04-29
142,汪秀华,西北,建筑业,2024-06-09
143,高东,西北,互联网,2024-04-25
144,姬雪梅,华南,制造业,2024-05-16
145,魏秀珍,西北,制造业,2024-03-25
146,廖宇,华南,制造业,2024-02-27
147,袁雪梅,西北,制造业,2023-02-10
148,毕涛,华南,建筑业,2023-06-21
149,李成,华东,互联网,2023-11-04
150,王欢,华南,互联网,2023-11-18
151,莫丽娟,西北,制造业,2023-07-14
152,毕想,西北,制造业,2024-11-24
153,陈亮,西南,互联网,2023-12-01
154,张璐,西北,互联网,2024-12-25
155,颜璐,华北,服务业,2023-11-18
156,程龙,华南,服务业,2023-02-09
157,官洁,华南,服务业,2023-05-31
158,周桂珍,西南,商贸零售,2024-08-02
159,林秀芳,华北,建筑业,2024-12-05
160,雷旭,华北,制造业,2024-09-28
161,刘兵,华东,建筑业,2024-07-11
162,蓝荣,西北,互联网,2023-02-08
163,刘春梅,华东,制造业,2024-11-07
164,王莉,西北,商贸零售,2023-10-25
165,沙丽,西北,服务业,2023-09-02
166,晁海燕,华南,服务业,2023-06-02
167,张柳,华东,商贸零售,2023-11-29
168,郜丽丽,华北,服务业,2023-11-10
169,赵峰,华南,建筑业,2024-12-28
170,胡萍,西北,服务业,2024-10-24
171,王秀英,西北,互联网,2023-04-21
172,李建国,华东,互联网,2023-02-05
173,彭晨,华北,制造业,2023-01-19
174,郑博,华南,服务业,2023-01-28
175,罗秀英,华东,制造业,2023-04-05
176,张丽华,西北,商贸零售,2024-09-28
177,徐建军,华北,服务业,2024-09-10
178,牛红,西北,商贸零售,2023-08-06
179,韩鑫,华北,商贸零售,2023-10-13
180,周芳,华北,互联网,2023-07-07
181,乔瑞,西南,服务业,2024-12-25
182,杨桂花,华东,制造业,2023-02-16
183,陈瑜,西南,服务业,2024-10-14
184,邱丽,华东,制造业,2023-10-19
185,燕雪梅,华北,商贸零售,2023-05-06
186,唐莉,华北,商贸零售,2023-03-23
187,张建平,西南,互联网,2023-04-19
188,边婷,西南,互联网,2023-02-26
189,姚晶,华东,制造业,2023-02-12
190,蓝静,华东,商贸零售,2024-08-06
191,贺玉梅,西北,制造业,2023-05-09
192,张宁,华北,互联网,2024-11-05
193,杨红,西北,商贸零售,2023-11-27
194,陈峰,西南,商贸零售,2024-01-12
195,吴玲,华东,服务业,2023-05-09
196,吴建平,华北,制造业,2023-10-09
197,乔丽华,华北,商贸零售,2023-09-27
198,戴莉,华南,制造业,2023-08-22
199,孟丹,华北,互联网,2024-01-12
200,王颖,西南,互联网,2024-05-18
201,陈娜,华南,商贸零售,2023-08-24
202,位兵,华南,商贸零售,2023-08-03
203,夏建军,西南,制造业,2024-07-28
204,辛颖,华南,服务业,2024-04-19
205,张桂英,西南,商贸零售,2024-08-06
206,陈军,华北,商贸零售,2023-08-19
207,李宁,华东,建筑业,2023-09-15
208,魏宇,华东,建筑业,2023-10-09
209,程文,华南,商贸零售,2023-10-01
210,田红,西南,服务业,2023-08-27
211,胡志强,华北,商贸零售,2023-09-21
212,聂柳,华南,制造业,2024-11-09
213,隋春梅,华南,建筑业,2024-03-17
214,陈想,华北,服务业,2023-11-27
215,陈淑英,华东,服务业,2024-04-19
216,贾伟,华北,互联网,2024-07-20
217,罗秀华,西南,互联网,2024-04-24
218,申敏,华北,制造业,2024-08-08
219,李宇,华东,服务业,2023-05-02
220,李桂荣,华南,互联网,2024-12-04
221,王帅,华北,制造业,2024-06-08
222,郑建国,华东,互联网,2023-07-21
223,周秀华,西南,服务业,2023-04-01
224,白帅,华北,建筑业,2024-02-19
225,冯雷,西北,互联网,2023-01-06
226,朱萍,华东,建筑业,2023-08-01
227,兰明,西北,商贸零售,2024-06-19
228,李云,华北,制造业,2024-04-11
229,潘彬,西南,制造业,2023-11-17
230,赵博,西北,互联网,2024-01-25
231,白杰,华南,服务业,2023-06-14
232,舒晶,西南,制造业,2023-10-08
233,王荣,华北,互联网,2023-07-05
234,毛玉华,华北,制造业,2024-02-01
235,刘岩,华北,互联网,2024-06-01
236,刘雪,华北,建筑业,2024-02-28
237,宋东,华北,建筑业,2024-05-02
238,魏玉兰,华北,互联网,2023-03-30
239,唐欢,华南,商贸零售,2024-01-25
240,尹利,西南,建筑业,2023-12-24
241,林琳,华南,互联网,2023-12-11
242,王秀荣,西北,服务业,2024-05-23
243,康秀云,西南,互联网,2023-03-25
244,郑玉梅,华东,服务业,2023-02-26
245,孔秀华,华北,商贸零售,2024-02-23
246,关英,西南,互联网,2023-09-25
247,覃倩,西北,服务业,2024-06-13
248,李霞,西南,建筑业,2023-08-25
249,梁桂珍,西南,商贸零售,2023-02-09
250,李桂花,西北,建筑业,2023-06-29
251,王金凤,华南,制造业,2024-12-29
252,曹桂芝,华北,互联网,2024-03-20
253,高金凤,西北,服务业,2023-11-28
254,谭桂荣,华东,商贸零售,2024-01-21
255,张英,华北,商贸零售,2024-07-01
256,王红霞,华南,商贸零售,2023-05-21
257,王萍,华东,制造业,2024-06-29
258,黄楠,华南,建筑业,2024-01-31
259,李凯,西北,制造业,2023-03-15
260,张婷婷,西南,建筑业,2024-10-06
261,桂志强,西北,商贸零售,2024-01-08
262,罗强,西南,建筑业,2024-04-17
263,胡兵,西南,商贸零售,2023-10-13
264,粟秀芳,华南,制造业,2024-09-10
265,王秀云,华东,建筑业,2024-12-01
266,刘丹丹,华南,商贸零售,2024-12-03
267,姜玉珍,西北,建筑业,2024-07-30
268,伍小红,华东,互联网,2023-01-07
269,苏金凤,华南,制造业,2023-02-05
270,廖岩,西南,商贸零售,2023-08-24
271,陈利,西南,互联网,2023-08-15
272,李兰英,西北,互联网,2023-07-11
273,潘涛,华北,建筑业,2024-05-12
274,陈丹,西北,互联网,2024-05-20
275,雷秀华,西南,互联网,2024-05-05
276,汤兰英,西南,商贸零售,2023-01-01
277,刘明,西南,建筑业,2023-04-15
278,赵琳,华北,商贸零售,2024-02-12
279,萧梅,华北,互联网,2024-01-09
280,杨莹,西南,商贸零售,2024-08-23
281,魏志强,华北,建筑业,2023-08-06
282,谭桂香,华东,服务业,2023-05-10
283,谢丽华,华南,服务业,2023-08-27
284,赵静,华北,服务业,2024-08-13
285,周建国,西北,制造业,2024-10-24
286,夏玉华,华南,商贸零售,2024-05-25
287,范红,华南,建筑业,2024-12-07
288,刘志强,华南,商贸零售,2023-11-19
289,潘淑珍,华东,建筑业,2023-11-23
290,潘欢,西南,服务业,2023-07-23
291,马璐,西北,建筑业,2023-07-01
292,周华,西南,制造业,2023-05-09
293,陈建军,华南,建筑业,2023-11-16
294,袁辉,西南,互联网,2024-10-03
295,林桂英,华东,互联网,2023-12-24
296,刘彬,西南,建筑业,2023-04-21
297,王帆,华东,服务业,2023-06-15
298,陈亮,华北,建筑业,2023-11-10
299,倪坤,西南,互联网,2024-10-30
300,赵桂花,西北,互联网,2023-07-24
