order_id,customer_id,product_id,order_date,quantity
1,167,12,2024-10-18,8
2,109,23,2024-02-05,5
3,175,18,2024-02-04,10
4,142,36,2023-12-08,1
5,265,13,2023-10-14,2
6,124,47,2024-08-14,7
7,251,36,2024-05-26,4
8,244,42,2023-05-11,12
9,252,29,2023-05-04,1
10,48,19,2024-01-18,4
11,208,45,2023-08-11,4
12,157,43,2023-11-12,10
13,189,31,2024-08-03,9
14,272,23,2024-04-09,7
15,282,22,2024-06-03,6
16,233,18,2024-12-20,5
17,129,15,2024-03-05,2
18,99,21,2024-05-18,2
19,275,49,2023-10-28,12
20,95,13,2024-12-14,4
21,248,18,2023-05-01,12
22,269,39,2024-12-29,5
23,52,54,2023-01-31,4
24,152,15,2024-10-24,6
25,92,20,2023-01-21,1
26,274,9,2024-12-15,5
27,24,4,2023-03-24,9
28,150,45,2023-10-11,3
29,252,7,2023-06-18,1
30,294,19,2023-11-15,8
31,246,29,2023-10-25,6
32,95,4,2023-10-06,5
33,245,8,2023-05-31,2
34,206,32,2024-03-02,2
35,296,41,2024-08-31,11
36,28,10,2023-09-07,3
37,289,20,2023-04-12,2
38,128,8,2023-04-29,9
39,214,39,2024-10-02,10
40,116,50,2023-03-21,9
41,195,29,2024-01-14,8
42,153,56,2023-08-14,10
43,220,20,2023-09-25,10
44,31,40,2024-07-05,12
45,51,49,2024-12-25,4
46,109,17,2024-07-27,11
47,42,11,2024-09-23,4
48,89,36,2024-06-24,2
49,81,1,2024-04-03,7
50,231,45,2023-10-03,10
51,241,19,2023-12-12,1
52,119,19,2023-12-13,12
53,145,45,2023-03-05,8
54,37,44,2024-02-20,4
55,136,51,2024-11-15,11
56,102,28,2023-03-25,2
57,279,15,2024-03-16,11
58,77,59,2023-11-20,5
59,73,5,2023-05-11,1
60,85,51,2023-05-23,5
61,292,59,2024-05-02,5
62,225,8,2023-01-06,8
63,156,45,2023-11-29,7
64,140,33,2024-11-13,9
65,253,29,2024-03-04,2
66,21,57,2024-06-12,7
67,166,39,2023-01-12,5
68,14,6,2024-01-05,4
69,295,38,2024-04-13,1
70,138,37,2023-07-14,1
71,90,31,2023-12-08,9
72,227,59,2023-06-09,5
73,93,38,2024-03-13,7
74,252,6,2024-10-21,8
75,179,27,2023-08-17,6
76,165,43,2024-07-08,2
77,83,22,2023-11-24,7
78,254,19,2024-09-07,11
79,206,53,2023-06-21,9
80,19,30,2024-12-07,2
81,162,17,2023-05-16,6
82,60,50,2024-05-28,7
83,264,53,2023-03-21,1
84,278,30,2024-07-29,7
85,28,13,2024-10-25,9
86,186,40,2023-08-23,8
87,227,49,2023-10-27,1
88,105,18,2024-01-12,9
89,68,60,2023-07-18,5
90,225,57,2023-11-10,12
91,249,8,2023-07-28,1
92,123,46,2023-10-09,3
93,160,36,2024-07-15,1
94,283,27,2024-10-18,2
95,116,54,2024-07-05,2
96,237,8,2023-10-20,11
97,79,32,2023-01-24,12
98,150,33,2023-02-01,12
99,140,27,2024-02-08,8
100,242,16,2023-10-30,8
101,283,10,2023-11-22,7
102,98,59,2023-04-19,10
103,261,48,2023-10-15,3
104,36,18,2024-04-22,7
105,175,60,2024-09-02,9
106,137,53,2023-08-06,1
107,145,47,2023-06-11,5
108,297,43,2024-09-20,8
109,77,29,2024-09-15,9
110,248,23,2023-10-16,6
111,283,49,2023-10-20,9
112,194,30,2023-01-01,6
113,97,45,2023-09-20,4
114,293,25,2023-04-28,4
115,211,3,2024-08-07,6
116,243,46,2024-09-21,7
117,198,43,2023-06-30,11
118,78,32,2023-10-21,1
119,65,33,2024-08-17,10
120,170,56,2023-01-06,2
121,226,7,2023-09-01,9
122,234,1,2023-12-05,12
123,74,27,2024-12-18,11
124,80,5,2023-05-05,8
125,136,22,2024-07-09,10
126,204,42,2024-10-06,2
127,169,55,2024-03-25,11
128,274,25,2024-01-21,6
129,250,56,2023-10-16,9
130,19,40,2023-12-15,2
131,121,41,2023-10-06,11
132,148,15,2024-10-15,12
133,47,28,2023-04-30,2
134,52,29,2024-11-16,3
135,154,58,2024-01-04,1
136,24,21,2023-08-03,1
137,151,23,2023-02-25,6
138,221,10,2024-10-11,4
139,272,27,2024-02-26,10
140,93,11,2024-05-02,3
141,41,40,2024-08-03,7
142,124,32,2023-06-28,10
143,74,15,2023-02-14,8
144,131,30,2023-06-13,5
145,5,58,2024-04-07,8
146,148,44,2023-06-13,9
147,81,5,2023-09-02,8
148,177,38,2024-11-01,5
149,218,45,2024-01-12,5
150,234,55,2023-11-06,5
151,102,25,2024-12-01,8
152,55,16,2024-12-25,7
153,293,23,2024-11-25,10
154,152,45,2023-09-13,5
155,12,54,2023-01-04,11
156,203,18,2023-11-20,1
157,290,56,2023-01-09,11
158,26,59,2024-10-02,10
159,255,54,2024-04-16,5
160,118,39,2023-06-13,6
161,113,41,2023-07-08,4
162,129,44,2023-10-16,12
163,71,41,2024-06-08,2
164,21,20,2024-11-19,8
165,18,38,2023-07-29,6
166,68,6,2023-02-27,5
167,168,48,2024-02-10,7
168,90,13,2023-06-09,3
169,277,57,2023-07-30,6
170,272,33,2023-02-12,5
171,85,17,2023-11-03,8
172,152,48,2024-10-23,6
173,59,30,2024-07-10,2
174,73,49,2024-03-20,4
175,204,55,2023-09-26,9
176,188,6,2024-11-19,7
177,8,17,2024-07-06,9
178,64,30,2024-03-16,6
179,135,38,2024-10-11,7
180,191,7,2023-04-08,11
181,120,31,2023-07-03,1
182,288,21,2023-01-03,10
183,114,42,2023-09-15,2
184,238,59,2024-06-06,12
185,155,42,2024-11-17,7
186,60,9,2024-02-29,1
187,20,20,2024-02-06,8
188,60,7,2023-08-31,4
189,276,9,2023-06-01,7
190,233,24,2023-07-19,11
191,277,27,2024-11-13,10
192,80,57,2024-03-14,7
193,51,54,2024-07-16,8
194,209,18,2023-05-05,1
195,190,14,2023-05-26,8
196,228,16,2024-09-26,6
197,51,44,2023-02-11,6
198,279,58,2023-04-01,11
199,184,4,2024-06-29,7
200,142,13,2024-04-24,2
201,233,6,2024-12-22,11
202,109,42,2024-09-25,11
203,11,4,2023-05-29,6
204,125,9,2023-08-25,10
205,106,5,2024-04-15,9
206,107,38,2023-02-08,4
207,120,22,2024-08-14,3
208,2,18,2024-05-29,3
209,67,35,2023-12-07,5
210,90,8,2023-04-11,11
211,14,9,2024-02-27,1
212,184,51,2024-05-01,4
213,166,2,2024-09-19,3
214,136,4,2023-03-05,3
215,216,34,2024-10-21,2
216,33,31,2024-01-22,8
217,186,33,2024-11-29,10
218,56,29,2024-07-18,9
219,114,40,2023-09-01,1
220,267,20,2023-02-06,8
221,16,4,2024-09-30,8
222,206,28,2024-05-26,11
223,56,32,2024-10-22,12
224,228,5,2023-02-15,2
225,165,39,2023-12-22,3
226,34,9,2024-01-26,5
227,300,36,2024-01-14,12
228,167,25,2023-03-10,10
229,272,19,2023-04-07,8
230,259,39,2023-06-21,7
231,51,51,2024-02-21,12
232,59,55,2024-09-25,11
233,283,47,2024-05-28,4
234,221,29,2023-12-21,4
235,212,22,2024-06-12,8
236,205,27,2023-03-02,12
237,49,21,2023-04-13,7
238,161,43,2023-10-10,5
239,192,10,2023-12-18,11
240,243,5,2024-01-09,2
241,44,6,2024-09-24,7
242,50,48,2024-02-18,12
243,191,52,2024-04-28,3
244,285,4,2023-10-09,10
245,288,36,2024-04-28,6
246,63,27,2023-09-20,6
247,217,56,2024-01-11,12
248,27,19,2024-03-19,10
249,160,23,2024-05-23,2
250,296,33,2024-03-14,4
251,80,43,2023-03-11,8
252,115,55,2023-09-02,2
253,180,55,2024-05-31,9
254,189,8,2024-02-14,5
255,294,15,2024-10-16,7
256,288,50,2024-01-06,10
257,286,2,2024-05-28,10
258,137,2,2023-10-10,3
259,140,45,2024-08-18,5
260,174,23,2023-11-05,1
261,93,56,2024-12-08,3
262,290,43,2024-01-24,7
263,36,10,2024-04-09,12
264,16,6,2023-02-08,12
265,272,14,2024-08-30,7
266,215,30,2024-04-06,6
267,81,24,2024-12-14,5
268,167,50,2023-12-15,10
269,44,57,2023-08-05,1
270,80,11,2024-08-18,10
271,26,44,2024-11-21,2
272,140,29,2024-02-18,11
273,218,32,2024-11-01,10
274,227,27,2023-06-08,5
275,111,49,2023-05-12,9
276,59,23,2023-01-09,7
277,57,19,2024-11-16,11
278,250,34,2024-04-24,11
279,158,3,2024-09-26,4
280,203,39,2023-07-08,1
281,4,14,2023-08-09,5
282,109,50,2024-08-18,3
283,131,19,2023-09-24,6
284,62,1,2023-11-30,8
285,221,12,2023-07-12,3
286,195,35,2024-08-26,12
287,118,33,2024-06-27,9
288,182,5,2023-06-28,7
289,22,28,2023-06-03,1
290,236,59,2023-09-24,2
291,161,37,2024-10-27,7
292,294,26,2023-07-26,12
293,214,19,2023-06-26,2
294,208,2,2024-05-15,6
295,88,52,2023-04-08,10
296,236,54,2023-04-14,12
297,186,6,2024-04-12,7
298,55,16,2024-02-07,7
299,206,34,2024-05-26,2
300,203,56,2024-06-24,5
301,174,15,2024-10-30,6
302,87,5,2024-04-16,9
303,59,34,2023-07-12,9
304,100,58,2024-07-12,6
305,180,47,2024-04-29,11
306,76,16,2024-06-04,2
307,75,17,2024-02-18,4
308,89,39,2024-09-06,3
309,39,12,2024-09-24,11
310,253,30,2024-05-12,10
311,297,29,2024-04-16,11
312,290,42,2024-07-10,11
313,166,56,2024-03-05,11
314,162,10,2024-02-10,8
315,35,31,2024-04-22,8
316,156,51,2023-01-31,5
317,29,23,2024-06-29,9
318,38,20,2024-06-12,8
319,232,3,2023-06-14,1
320,189,54,2023-10-24,5
321,40,42,2024-08-07,2
322,260,25,2023-07-31,8
323,298,36,2024-03-01,12
324,22,29,2024-02-14,10
325,97,21,2023-11-10,10
326,244,33,2023-03-16,3
327,32,29,2023-10-01,2
328,176,46,2024-09-11,2
329,259,42,2024-02-15,3
330,21,16,2023-08-29,12
331,225,29,2024-01-12,9
332,268,40,2024-06-16,3
333,187,24,2023-09-20,5
334,199,27,2024-09-02,6
335,27,51,2024-03-03,11
336,172,5,2023-05-26,6
337,49,36,2023-09-16,11
338,198,19,2024-11-23,5
339,77,22,2023-03-10,2
340,299,43,2023-09-30,3
341,180,20,2024-01-11,11
342,201,9,2024-03-03,10
343,44,20,2023-09-19,9
344,193,42,2024-10-25,6
345,66,43,2024-10-02,12
346,270,6,2024-06-20,11
347,217,33,2023-02-12,6
348,10,24,2023-05-23,5
349,93,14,2023-11-22,6
350,249,13,2024-08-06,4
351,71,10,2024-11-16,2
352,152,55,2024-05-28,2
353,260,50,2024-06-13,9
354,270,3,2024-09-22,11
355,173,57,2023-01-28,10
356,68,39,2023-04-16,7
357,79,11,2023-11-02,3
358,85,47,2023-11-30,8
359,23,27,2023-07-19,6
360,122,29,2023-08-25,10
361,146,49,2024-01-05,12
362,230,15,2023-07-13,9
363,123,20,2024-03-18,8
364,100,24,2023-11-27,11
365,293,29,2023-02-14,8
366,145,50,2024-07-08,7
367,258,34,2023-04-25,7
368,83,53,2024-07-15,4
369,71,56,2024-04-15,5
370,27,42,2024-09-03,8
371,191,36,2023-12-11,2
372,265,55,2024-10-18,2
373,146,6,2024-01-03,3
374,140,29,2024-10-25,9
375,76,54,2023-03-30,7
376,47,59,2023-02-01,4
377,231,57,2024-06-21,6
378,14,27,2023-03-22,1
379,203,33,2023-03-12,6
380,121,25,2023-03-08,2
381,192,15,2023-10-19,1
382,164,60,2023-04-13,2
383,172,51,2024-02-02,3
384,71,3,2023-11-17,5
385,242,45,2023-02-13,3
386,241,29,2023-07-16,10
387,3,58,2024-04-01,2
388,10,17,2023-08-14,4
389,77,36,2024-11-05,12
390,271,28,2023-01-17,2
391,148,16,2023-09-06,5
392,63,4,2023-03-04,4
393,215,41,2024-02-02,10
394,235,5,2024-09-20,2
395,256,39,2024-02-17,9
396,9,41,2024-01-13,9
397,295,16,2023-09-07,12
398,74,19,2024-02-25,7
399,1,40,2023-03-29,6
400,124,37,2023-09-27,7
401,96,43,2023-12-02,11
402,44,34,2023-01-04,6
403,35,34,2023-10-27,9
404,260,51,2023-01-02,9
405,284,2,2023-12-19,7
406,241,3,2023-02-21,11
407,199,24,2023-10-22,5
408,9,23,2024-11-25,2
409,177,16,2023-03-06,12
410,54,50,2024-12-03,10
411,171,9,2024-12-26,1
412,181,35,2023-02-26,6
413,90,54,2024-05-31,11
414,238,45,2024-10-23,8
415,94,52,2024-02-17,3
416,33,46,2023-05-20,8
417,19,19,2023-11-27,4
418,23,51,2023-09-25,4
419,22,21,2024-03-26,5
420,264,26,2024-02-10,9
421,243,17,2023-12-14,1
422,98,19,2024-06-29,6
423,25,56,2024-09-15,11
424,170,18,2024-12-12,2
425,189,28,2024-12-05,7
426,226,58,2024-05-25,7
427,174,12,2023-01-06,8
428,255,24,2023-07-22,9
429,137,52,2023-07-21,2
430,218,6,2024-04-21,7
431,93,35,2024-04-28,5
432,165,7,2024-11-28,2
433,168,43,2023-07-29,5
434,157,29,2023-01-26,10
435,219,11,2024-05-22,12
436,228,23,2023-02-24,8
437,22,47,2024-03-24,6
438,223,18,2023-04-20,11
439,30,5,2024-01-20,11
440,208,24,2024-12-19,9
441,82,2,2024-08-29,3
442,225,3,2024-04-14,3
443,35,16,2024-11-03,11
444,188,24,2024-12-27,7
445,291,3,2024-11-12,10
446,79,44,2024-05-20,8
447,190,24,2024-01-23,8
448,40,37,2024-04-28,3
449,272,24,2023-03-23,7
450,161,42,2023-11-06,5
451,128,8,2023-06-13,1
452,96,32,2023-06-23,9
453,199,59,2024-01-17,9
454,61,17,2023-07-04,5
455,229,14,2024-03-25,10
456,147,45,2024-03-03,8
457,103,8,2024-05-09,3
458,38,29,2023-07-24,3
459,228,6,2023-05-31,11
460,164,43,2024-11-26,6
461,34,36,2024-02-05,9
462,149,58,2024-10-22,5
463,81,46,2024-10-15,12
464,90,51,2023-06-08,6
465,261,15,2023-06-13,2
466,103,51,2023-07-18,3
467,122,51,2024-07-15,8
468,14,24,2024-11-11,9
469,294,24,2023-01-03,8
470,283,9,2024-05-19,10
471,45,5,2023-02-02,5
472,204,46,2024-11-07,12
473,246,34,2023-12-06,7
474,210,53,2023-05-23,10
475,38,9,2023-04-04,6
476,38,29,2023-05-20,8
477,265,23,2024-07-02,3
478,283,41,2023-04-24,10
479,94,50,2024-06-26,3
480,222,33,2023-12-12,1
481,64,34,2023-10-26,3
482,156,11,2024-05-22,3
483,166,60,2024-11-14,12
484,116,23,2023-10-07,9
485,146,55,2024-11-12,2
486,129,13,2023-05-06,11
487,283,18,2024-09-08,3
488,156,40,2023-01-05,9
489,48,33,2023-11-10,11
490,87,38,2024-12-29,10
491,79,11,2024-06-28,11
492,173,54,2024-04-25,10
493,22,53,2023-12-23,1
494,42,3,2023-03-03,11
495,296,17,2023-09-08,11
496,108,50,2023-09-05,10
497,214,40,2023-10-20,11
498,16,32,2023-09-25,11
499,280,19,2023-12-09,11
500,155,31,2023-06-19,4
501,208,20,2024-09-13,8
502,38,45,2024-08-31,1
503,81,29,2024-06-14,7
504,248,30,2024-04-06,4
505,175,39,2023-01-14,3
506,161,56,2024-07-13,12
507,164,47,2024-07-17,6
508,205,9,2023-10-30,6
509,264,36,2023-02-24,2
510,164,16,2024-09-12,8
511,63,18,2023-04-18,8
512,127,10,2024-02-20,2
513,26,19,2023-08-17,7
514,215,16,2023-05-20,3
515,168,60,2024-01-19,10
516,161,13,2024-05-27,3
517,256,33,2023-01-17,8
518,256,57,2024-08-08,5
519,255,2,2024-08-05,2
520,202,33,2023-08-04,8
521,124,14,2024-09-19,10
522,181,4,2023-01-28,1
523,145,32,2024-05-08,10
524,241,19,2023-11-13,9
525,5,55,2024-07-04,2
526,221,9,2023-08-18,5
527,188,49,2024-02-04,7
528,188,3,2024-01-19,7
529,27,37,2024-10-21,9
530,100,24,2023-03-17,9
531,148,5,2024-03-02,7
532,259,29,2023-09-17,9
533,144,53,2023-10-23,10
534,61,9,2024-08-15,2
535,202,24,2024-06-06,6
536,286,24,2023-12-21,3
537,102,39,2023-03-04,9
538,206,33,2023-11-19,1
539,24,3,2023-01-06,3
540,171,52,2023-08-12,8
541,266,30,2023-11-24,3
542,264,9,2023-11-07,6
543,164,11,2024-08-24,7
544,154,38,2023-04-04,6
545,260,54,2024-07-19,9
546,273,32,2024-03-23,12
547,289,20,2023-02-18,8
548,9,24,2024-07-03,6
549,57,27,2023-10-16,10
550,158,51,2024-11-14,12
551,14,39,2024-03-07,8
552,136,42,2023-08-03,10
553,296,15,2023-10-03,12
554,27,38,2023-09-06,8
555,88,34,2024-03-25,11
556,195,10,2024-07-25,11
557,125,3,2023-12-07,10
558,57,13,2023-10-14,1
559,226,21,2024-11-20,7
560,78,27,2023-12-15,12
561,105,27,2023-06-29,9
562,242,56,2023-04-27,12
563,32,46,2024-07-08,3
564,266,14,2024-05-24,9
565,167,43,2023-04-13,8
566,270,25,2024-03-23,6
567,89,30,2024-05-26,9
568,176,35,2024-07-25,6
569,136,40,2024-04-12,8
570,99,16,2024-07-19,5
571,286,20,2024-06-15,4
572,153,50,2024-03-05,5
573,107,45,2023-11-26,12
574,251,21,2024-05-05,8
575,179,36,2023-10-12,12
576,141,19,2024-04-26,2
577,294,44,2023-11-17,9
578,195,58,2024-11-10,7
579,177,50,2023-07-03,3
580,149,3,2024-05-15,5
581,41,23,2023-02-14,8
582,132,48,2024-09-20,8
583,110,13,2024-02-05,9
584,139,60,2024-09-21,9
585,140,9,2023-12-25,2
586,123,16,2024-04-13,1
587,272,15,2023-03-25,11
588,120,4,2024-07-29,2
589,212,22,2024-03-30,12
590,242,7,2023-07-09,11
591,71,1,2023-05-15,9
592,81,27,2024-07-02,11
593,244,31,2023-02-10,11
594,103,49,2024-09-05,5
595,165,19,2024-10-04,11
596,31,59,2023-01-23,2
597,294,15,2023-02-08,9
598,20,59,2023-01-04,3
599,214,57,2023-11-10,3
600,19,54,2024-01-05,7
601,254,12,2024-06-15,12
602,149,57,2023-12-01,1
603,5,20,2023-02-26,10
604,55,60,2023-06-03,6
605,146,30,2024-04-03,11
606,279,34,2023-05-25,8
607,69,55,2024-04-21,9
608,240,18,2023-07-27,4
609,58,22,2024-06-30,3
610,235,42,2023-02-14,5
611,96,1,2024-05-04,12
612,173,51,2023-01-03,5
613,291,44,2023-12-17,4
614,90,40,2024-11-08,11
615,208,53,2023-10-05,7
616,264,21,2023-06-06,2
617,206,43,2023-03-19,2
618,95,9,2024-08-15,8
619,166,60,2023-12-20,4
620,4,17,2023-02-19,7
621,121,29,2024-01-08,5
622,169,20,2024-03-09,10
623,294,1,2024-03-07,5
624,185,45,2024-08-25,4
625,32,43,2023-08-28,2
626,239,20,2023-02-24,3
627,208,44,2024-08-09,9
628,160,45,2023-06-22,2
629,152,24,2023-01-01,10
630,114,15,2024-12-17,3
631,245,10,2024-12-06,8
632,192,27,2024-12-26,12
633,282,59,2024-09-24,8
634,276,52,2023-03-07,11
635,112,49,2023-06-21,4
636,42,34,2024-07-16,8
637,271,46,2023-12-22,6
638,40,59,2024-12-28,10
639,58,4,2024-04-03,9
640,259,13,2024-01-29,10
641,275,10,2024-02-10,3
642,168,55,2024-02-14,9
643,227,8,2024-10-19,11
644,106,46,2024-11-02,10
645,251,6,2024-08-07,9
646,229,52,2023-12-16,1
647,233,9,2024-04-25,9
648,213,30,2024-01-29,10
649,30,36,2024-06-11,8
650,158,47,2024-12-03,1
651,203,17,2024-06-18,1
652,112,38,2024-10-05,2
653,24,28,2024-01-19,6
654,33,35,2024-05-09,1
655,36,60,2023-07-08,8
656,17,19,2024-01-11,7
657,93,50,2024-04-29,3
658,216,24,2023-05-04,7
659,230,56,2023-07-05,7
660,193,6,2024-07-12,11
661,277,9,2024-09-17,11
662,179,8,2024-04-02,3
663,276,26,2023-02-24,9
664,66,47,2024-12-26,4
665,2,49,2023-10-01,1
666,153,30,2023-10-22,11
667,279,28,2023-10-14,9
668,195,53,2023-01-02,4
669,127,30,2024-05-03,6
670,80,18,2024-09-09,4
671,58,3,2024-07-27,11
672,215,40,2023-04-02,1
673,124,14,2023-01-03,2
674,52,39,2024-10-11,1
675,229,39,2024-12-24,11
676,25,16,2024-11-04,12
677,23,26,2024-05-31,8
678,120,35,2024-07-12,4
679,29,9,2023-02-16,9
680,149,15,2024-05-17,12
681,295,21,2023-06-13,10
682,165,16,2024-08-13,5
683,74,43,2023-02-28,9
684,114,27,2024-04-14,5
685,141,4,2024-04-03,9
686,90,41,2024-09-03,11
687,219,36,2024-10-13,8
688,25,23,2024-07-31,11
689,196,51,2024-08-21,9
690,164,45,2024-12-04,7
691,210,10,2023-09-10,5
692,193,12,2024-08-13,9
693,243,16,2023-03-16,4
694,154,55,2023-09-05,12
695,74,52,2024-01-26,8
696,30,36,2024-10-06,7
697,214,36,2024-12-04,9
698,69,25,2024-10-08,4
699,131,14,2023-09-24,6
700,41,60,2023-03-02,8
701,190,6,2024-09-10,9
702,98,4,2023-11-14,5
703,194,44,2023-05-08,10
704,21,56,2023-12-19,2
705,97,52,2023-01-22,10
706,287,14,2024-06-23,8
707,107,56,2023-05-11,6
708,156,59,2023-12-12,1
709,109,60,2024-06-03,4
710,61,48,2024-11-05,8
711,125,45,2024-02-22,10
712,105,26,2024-10-31,4
713,283,21,2023-01-04,5
714,195,30,2024-10-20,9
715,184,20,2023-07-11,5
716,185,33,2023-12-08,8
717,239,7,2024-05-20,12
718,241,49,2024-05-09,6
719,105,24,2024-06-16,6
720,212,3,2023-11-14,10
721,114,48,2023-06-29,3
722,9,17,2023-09-03,9
723,300,38,2024-12-08,12
724,214,19,2023-09-05,3
725,101,22,2024-07-16,4
726,195,37,2024-11-03,4
727,256,36,2024-08-05,11
728,173,17,2024-05-16,8
729,252,30,2024-10-14,3
730,181,11,2023-12-22,3
731,280,32,2024-10-30,3
732,278,42,2023-10-31,1
733,269,3,2024-06-05,2
734,25,49,2024-01-18,1
735,212,9,2024-01-16,11
736,119,5,2024-10-09,12
737,78,1,2024-11-18,4
738,259,30,2023-08-18,6
739,31,40,2023-09-03,11
740,248,43,2024-05-23,8
741,9,1,2024-08-15,9
742,283,27,2024-07-10,1
743,9,34,2024-08-09,12
744,141,35,2024-09-22,5
745,9,33,2023-08-26,12
746,221,52,2024-11-19,3
747,55,59,2023-12-27,2
748,269,10,2023-12-10,4
749,99,40,2024-01-01,9
750,130,53,2024-10-25,6
751,137,51,2023-04-14,7
752,41,24,2023-02-01,7
753,236,37,2023-05-23,4
754,116,20,2023-12-14,11
755,42,42,2023-04-02,11
756,17,6,2024-10-04,7
757,195,25,2024-08-06,9
758,244,4,2024-05-06,11
759,5,45,2024-10-17,3
760,43,32,2023-06-06,7
761,170,37,2023-08-08,2
762,271,59,2024-05-12,1
763,118,14,2024-12-04,12
764,291,31,2024-04-12,5
765,24,60,2023-02-10,2
766,144,58,2024-12-15,9
767,289,43,2023-07-01,1
768,92,60,2024-04-19,6
769,9,14,2024-12-09,10
770,74,49,2023-11-10,12
771,204,60,2024-01-10,2
772,154,11,2024-09-04,10
773,124,37,2024-01-15,7
774,277,22,2024-04-23,7
775,72,51,2023-07-14,12
776,41,33,2023-10-17,12
777,178,4,2023-06-19,2
778,224,15,2024-03-06,2
779,175,39,2024-03-20,10
780,204,50,2023-03-29,6
781,16,41,2024-05-02,5
782,231,32,2024-07-19,4
783,183,36,2024-10-26,7
784,222,12,2024-08-11,11
785,300,43,2023-12-26,7
786,44,50,2023-10-01,10
787,152,52,2024-07-04,4
788,38,6,2023-09-28,5
789,79,25,2024-09-29,12
790,79,48,2023-01-07,7
791,163,24,2024-04-28,2
792,47,1,2024-03-22,5
793,228,24,2024-12-27,5
794,53,9,2024-12-25,2
795,96,28,2024-02-17,8
796,286,36,2024-06-28,9
797,209,7,2023-01-31,1
798,46,23,2023-04-11,9
799,48,39,2024-04-07,10
800,167,56,2023-11-20,7
801,7,19,2023-03-01,7
802,199,50,2024-06-19,2
803,287,58,2024-03-15,4
804,293,34,2024-03-07,3
805,195,11,2023-04-24,3
806,138,20,2023-12-04,5
807,253,10,2023-05-31,2
808,86,28,2023-06-18,5
809,216,20,2023-06-27,8
810,40,24,2024-12-02,5
811,127,47,2023-01-20,11
812,254,39,2024-05-15,10
813,101,30,2023-10-18,2
814,70,20,2024-03-23,1
815,203,22,2024-02-14,10
816,195,52,2023-01-30,6
817,226,22,2023-08-06,7
818,70,20,2024-09-26,6
819,103,31,2024-02-27,6
820,91,26,2024-02-22,6
821,150,48,2023-02-13,12
822,252,37,2023-09-03,4
823,167,25,2024-11-12,5
824,202,24,2024-04-03,2
825,289,13,2023-09-23,10
826,280,12,2023-08-25,11
827,282,2,2023-07-16,12
828,237,46,2024-02-27,4
829,225,52,2024-03-30,5
830,36,53,2023-01-01,7
831,256,9,2023-05-02,11
832,156,16,2024-02-01,5
833,79,46,2023-12-11,7
834,194,5,2023-04-03,8
835,246,38,2024-08-18,7
836,274,33,2024-10-22,12
837,215,35,2023-11-17,1
838,185,45,2023-02-05,9
839,44,7,2024-02-06,4
840,182,11,2023-05-04,11
841,23,37,2023-10-07,11
842,205,49,2024-04-14,6
843,221,7,2024-10-03,1
844,51,17,2023-06-25,4
845,262,48,2023-01-03,9
846,286,38,2023-10-02,12
847,295,15,2023-05-06,8
848,192,26,2024-06-11,8
849,257,10,2024-03-31,6
850,13,31,2023-07-27,2
851,152,27,2024-07-20,2
852,60,54,2024-09-30,12
853,73,23,2024-03-23,5
854,176,30,2023-03-27,4
855,267,31,2023-02-01,6
856,244,7,2023-04-11,8
857,232,21,2024-02-29,2
858,154,3,2024-06-01,12
859,59,2,2023-09-13,6
860,56,44,2023-10-21,3
861,125,34,2023-09-29,3
862,283,11,2024-05-13,6
863,287,28,2023-07-21,8
864,119,52,2023-07-13,7
865,95,12,2023-07-02,11
866,222,26,2024-09-30,1
867,102,29,2023-05-09,10
868,220,25,2023-02-08,1
869,110,14,2023-05-10,5
870,33,37,2024-11-02,2
871,275,12,2024-04-12,6
872,167,13,2023-10-09,8
873,59,17,2023-09-23,11
874,251,34,2024-10-06,11
875,161,39,2023-05-11,7
876,201,38,2024-08-22,2
877,179,23,2023-04-03,8
878,89,53,2024-06-08,11
879,153,59,2024-04-10,10
880,44,44,2024-02-14,3
881,161,8,2023-01-04,4
882,157,8,2024-07-09,3
883,192,45,2024-12-01,3
884,262,25,2023-10-29,7
885,71,37,2024-08-14,7
886,217,12,2024-09-28,8
887,276,45,2023-12-15,11
888,89,36,2023-02-17,3
889,251,19,2024-06-10,3
890,96,21,2023-12-08,8
891,28,56,2024-03-15,6
892,5,32,2024-09-14,3
893,100,53,2023-02-26,7
894,288,33,2024-11-07,11
895,254,27,2024-06-09,11
896,252,27,2024-12-28,12
897,228,32,2024-11-13,3
898,43,37,2024-11-21,1
899,113,19,2024-04-21,1
900,141,15,2024-03-23,9
901,148,11,2023-03-04,8
902,290,48,2024-09-11,8
903,282,33,2024-12-30,2
904,294,8,2023-02-12,5
905,279,53,2023-12-22,6
906,278,53,2023-06-18,1
907,226,35,2023-01-15,4
908,218,7,2023-06-30,12
909,127,20,2024-08-30,1
910,231,17,2024-08-16,6
911,45,29,2023-07-22,2
912,122,14,2024-07-09,12
913,180,56,2024-04-01,12
914,220,11,2023-07-26,10
915,72,51,2024-12-26,4
916,106,52,2023-05-07,1
917,292,23,2023-03-15,9
918,144,39,2023-07-28,9
919,87,21,2023-07-23,12
920,150,19,2023-05-30,10
921,137,55,2024-02-06,9
922,49,9,2023-01-09,7
923,31,18,2023-12-17,11
924,65,45,2024-10-05,3
925,128,10,2023-08-11,12
926,165,54,2024-02-10,4
927,202,32,2024-06-05,3
928,296,41,2024-06-11,5
929,213,25,2023-05-05,8
930,39,41,2024-09-03,2
931,207,33,2023-10-31,12
932,143,45,2023-12-20,6
933,233,32,2023-11-25,6
934,298,1,2024-02-15,12
935,48,47,2024-04-18,8
936,184,55,2023-11-01,2
937,274,26,2023-11-26,4
938,220,53,2024-07-19,4
939,254,18,2024-03-21,6
940,146,22,2024-07-08,9
941,296,9,2023-12-12,10
942,249,51,2024-10-18,6
943,25,3,2023-05-14,2
944,236,2,2024-10-21,2
945,81,29,2024-05-14,8
946,1,28,2024-09-13,4
947,68,57,2023-09-25,11
948,155,11,2024-08-31,5
949,48,42,2024-01-06,6
950,129,6,2024-02-15,6
951,85,4,2023-12-30,7
952,157,47,2023-09-21,12
953,120,28,2024-12-26,11
954,47,46,2023-04-30,2
955,1,14,2024-03-07,8
956,40,9,2023-03-25,10
957,116,34,2023-11-26,11
958,228,1,2023-11-04,1
959,176,53,2024-07-09,2
960,217,45,2024-10-18,3
961,245,5,2023-01-17,4
962,197,6,2024-04-02,12
963,53,7,2023-07-09,6
964,189,57,2024-05-22,5
965,71,25,2023-10-03,3
966,74,5,2024-12-15,9
967,289,1,2024-10-24,10
968,85,29,2023-08-04,6
969,110,41,2024-01-25,12
970,78,59,2023-02-23,7
971,227,56,2023-08-26,4
972,45,58,2023-06-10,2
973,72,49,2023-10-12,2
974,197,23,2024-08-25,7
975,162,51,2023-10-21,3
976,127,18,2023-02-14,11
977,44,16,2023-09-27,9
978,146,50,2024-04-24,12
979,14,55,2024-11-22,11
980,155,14,2024-06-14,9
981,261,13,2023-04-11,12
982,201,19,2024-07-22,11
983,28,51,2024-04-17,4
984,254,25,2024-01-31,2
985,124,32,2024-04-08,11
986,37,34,2023-07-09,1
987,185,60,2024-03-28,6
988,68,25,2024-12-12,10
989,216,24,2024-08-27,9
990,89,49,2023-06-06,8
991,38,2,2024-04-06,10
992,35,1,2024-07-09,5
993,111,3,2023-01-16,1
994,204,33,2023-11-02,5
995,257,50,2024-04-28,7
996,217,45,2023-08-05,7
997,43,41,2024-01-14,9
998,276,40,2024-02-20,3
999,143,6,2024-01-03,5
1000,41,33,2024-08-17,4
1001,80,35,2024-07-10,6
1002,201,38,2023-08-12,11
1003,34,20,2023-10-30,12
1004,224,47,2024-03-03,4
1005,30,16,2024-05-25,2
1006,223,8,2023-10-30,8
1007,29,20,2023-08-01,11
1008,90,8,2023-01-24,1
1009,71,45,2023-12-24,1
1010,84,32,2023-10-25,6
1011,268,34,2024-12-02,12
1012,133,11,2024-05-13,6
1013,65,48,2024-05-16,5
1014,61,50,2024-07-03,1
1015,172,52,2023-08-25,7
1016,140,34,2024-06-21,2
1017,135,46,2023-09-17,10
1018,40,32,2024-05-30,8
1019,262,24,2024-09-29,1
1020,256,55,2024-01-01,10
1021,86,24,2024-05-15,3
1022,131,50,2024-10-18,2
1023,294,44,2024-09-27,12
1024,60,15,2024-07-16,12
1025,261,1,2023-06-06,1
1026,7,16,2023-08-26,1
1027,242,24,2024-12-11,7
1028,77,12,2023-03-28,1
1029,284,52,2024-08-22,12
1030,215,15,2023-10-02,6
1031,128,27,2024-07-07,12
1032,164,18,2024-12-12,2
1033,293,24,2024-02-12,2
1034,258,44,2024-10-05,1
1035,92,15,2024-07-21,9
1036,24,26,2023-09-29,2
1037,239,56,2023-05-14,5
1038,160,21,2023-01-26,2
1039,284,30,2023-01-06,1
1040,189,13,2024-10-26,5
1041,289,51,2024-08-18,5
1042,125,30,2023-04-22,6
1043,253,50,2024-01-27,4
1044,280,49,2023-12-17,4
1045,78,1,2023-12-08,7
1046,13,15,2023-07-13,9
1047,178,41,2023-04-10,12
1048,5,22,2024-12-07,1
1049,193,55,2024-09-20,12
1050,158,7,2023-04-27,4
1051,272,16,2023-04-15,7
1052,252,4,2023-03-01,3
1053,144,6,2024-06-29,1
1054,119,58,2024-07-01,9
1055,212,45,2024-12-23,6
1056,235,48,2024-08-31,2
1057,298,7,2024-06-30,9
1058,69,41,2024-06-10,7
1059,39,38,2024-03-11,10
1060,32,28,2024-06-04,11
1061,67,16,2023-10-24,5
1062,134,55,2024-06-30,6
1063,202,45,2024-05-30,12
1064,168,21,2024-06-25,8
1065,140,15,2024-07-16,2
1066,104,9,2024-08-27,10
1067,56,10,2023-12-26,2
1068,85,29,2023-01-16,8
1069,161,27,2024-06-06,2
1070,275,23,2023-04-18,4
1071,232,20,2023-04-13,8
1072,136,55,2024-06-26,2
1073,47,11,2024-07-30,11
1074,156,53,2024-11-09,12
1075,21,14,2023-11-18,6
1076,76,6,2024-07-18,12
1077,128,23,2024-05-28,7
1078,263,4,2024-10-26,11
1079,154,17,2024-03-16,3
1080,16,26,2023-10-21,8
1081,285,48,2024-07-23,9
1082,128,7,2023-05-06,8
1083,53,52,2023-06-24,3
1084,63,1,2023-09-19,1
1085,114,9,2024-02-24,4
1086,206,24,2024-01-29,11
1087,44,38,2023-08-12,10
1088,133,59,2023-07-01,2
1089,12,5,2024-01-24,4
1090,228,52,2023-02-02,3
1091,48,58,2024-02-17,6
1092,63,3,2023-09-01,8
1093,26,11,2023-10-18,10
1094,222,53,2023-02-23,12
1095,203,32,2023-07-06,1
1096,196,44,2023-06-06,7
1097,89,23,2023-10-18,4
1098,96,18,2024-09-17,5
1099,229,57,2024-11-28,3
1100,18,40,2023-11-10,10
1101,126,42,2024-11-29,5
1102,256,27,2024-05-05,9
1103,246,4,2023-08-25,2
1104,144,25,2023-10-13,3
1105,215,13,2024-12-02,11
1106,270,16,2024-05-22,11
1107,279,51,2023-04-26,1
1108,196,51,2024-11-25,12
1109,184,31,2023-05-10,9
1110,249,23,2023-08-20,10
1111,258,21,2023-05-15,7
1112,139,12,2023-07-02,1
1113,164,39,2023-12-10,4
1114,16,58,2023-04-10,5
1115,30,52,2023-09-16,8
1116,272,23,2023-09-18,10
1117,120,11,2023-08-23,2
1118,127,43,2024-02-15,4
1119,137,35,2024-10-19,12
1120,29,49,2024-05-15,4
1121,295,55,2023-06-06,7
1122,182,60,2024-04-07,3
1123,91,16,2024-10-21,10
1124,163,52,2023-08-26,12
1125,184,59,2023-01-21,10
1126,15,46,2024-09-30,12
1127,181,37,2023-01-05,10
1128,73,37,2023-06-15,4
1129,253,35,2024-09-18,5
1130,90,32,2023-12-08,1
1131,47,4,2023-05-26,4
1132,113,2,2023-08-09,9
1133,245,1,2024-01-28,6
1134,104,52,2024-05-16,3
1135,175,46,2023-01-09,3
1136,166,4,2024-10-17,1
1137,76,38,2024-05-14,12
1138,73,50,2023-10-19,2
1139,270,56,2023-11-30,6
1140,38,24,2024-07-08,12
1141,203,38,2023-05-11,2
1142,173,20,2024-04-25,6
1143,70,11,2024-08-16,12
1144,224,51,2023-04-29,11
1145,250,42,2023-08-10,6
1146,90,46,2023-01-18,9
1147,183,15,2023-03-23,11
1148,90,25,2024-03-06,5
1149,151,9,2024-08-02,3
1150,1,45,2023-09-15,10
1151,201,55,2024-07-29,10
1152,17,12,2024-12-26,10
1153,163,59,2024-04-26,10
1154,114,41,2024-06-26,10
1155,54,60,2024-04-27,8
1156,73,22,2024-09-16,12
1157,40,16,2024-07-27,6
1158,164,11,2024-06-05,11
1159,46,53,2023-10-06,12
1160,172,29,2023-02-18,1
1161,136,14,2023-04-25,4
1162,35,23,2024-08-26,5
1163,56,47,2024-04-02,1
1164,25,25,2023-06-25,8
1165,215,11,2023-02-09,7
1166,253,57,2023-10-24,7
1167,180,35,2024-07-11,7
1168,52,54,2024-03-17,8
1169,296,42,2023-11-27,11
1170,116,11,2023-01-09,8
1171,38,52,2024-09-27,1
1172,151,2,2024-01-24,6
1173,134,7,2023-01-07,2
1174,176,11,2023-04-11,7
1175,83,47,2023-03-20,2
1176,281,58,2023-04-05,2
1177,174,39,2023-09-03,10
1178,248,46,2023-10-15,1
1179,221,42,2024-04-22,3
1180,223,11,2023-09-09,1
1181,52,22,2023-01-27,4
1182,98,27,2023-06-29,12
1183,284,47,2024-09-03,12
1184,277,17,2024-03-12,11
1185,145,20,2024-02-26,4
1186,50,4,2023-07-27,7
1187,293,36,2023-07-17,8
1188,79,4,2023-01-28,6
1189,2,28,2024-05-14,2
1190,151,53,2024-06-20,11
1191,246,13,2024-02-03,2
1192,14,14,2023-11-10,3
1193,150,6,2023-05-28,8
1194,60,20,2024-09-04,7
1195,242,32,2023-10-12,11
1196,136,6,2023-04-08,11
1197,279,25,2023-01-30,3
1198,190,57,2023-12-26,7
1199,190,12,2024-11-16,8
1200,23,17,2024-03-04,8
