product_id,product_name,category,unit_price
1,产品1,A类主材,3957.01
2,产品2,B类辅材,3543.1
3,产品3,A类主材,3171.97
4,产品4,C类配件,5465.22
5,产品5,B类辅材,5821.03
6,产品6,B类辅材,7364.38
7,产品7,C类配件,4319.58
8,产品8,B类辅材,4775.95
9,产品9,C类配件,314.11
10,产品10,C类配件,3486.04
11,产品11,B类辅材,1535.66
12,产品12,B类辅材,3094.92
13,产品13,A类主材,3692.12
14,产品14,B类辅材,6113.71
15,产品15,B类辅材,2298.23
16,产品16,B类辅材,2092.95
17,产品17,A类主材,3815.42
18,产品18,C类配件,4361.41
19,产品19,B类辅材,1871.36
20,产品20,A类主材,6271.74
21,产品21,C类配件,418.04
22,产品22,A类主材,7601.93
23,产品23,A类主材,6729.91
24,产品24,C类配件,1303.82
25,产品25,A类主材,3841.13
26,产品26,A类主材,4555.36
27,产品27,A类主材,3773.77
28,产品28,B类辅材,6158.49
29,产品29,A类主材,4886.55
30,产品30,C类配件,5775.02
31,产品31,A类主材,7721.29
32,产品32,A类主材,4671.61
33,产品33,B类辅材,4648.79
34,产品34,B类辅材,3233.57
35,产品35,C类配件,1666.81
36,产品36,C类配件,5555.85
37,产品37,C类配件,2018.51
38,产品38,C类配件,6202.6
39,产品39,C类配件,4843.25
40,产品40,A类主材,6390.2
41,产品41,C类配件,6282.82
42,产品42,B类辅材,4308.69
43,产品43,C类配件,3027.51
44,产品44,C类配件,5215.59
45,产品45,A类主材,6811.65
46,产品46,B类辅材,933.76
47,产品47,B类辅材,5121.12
48,产品48,B类辅材,5687.74
49,产品49,B类辅材,1491.48
50,产品50,C类配件,7727.24
51,产品51,B类辅材,4965.71
52,产品52,C类配件,6219.67
53,产品53,B类辅材,3541.04
54,产品54,C类配件,4780.55
55,产品55,B类辅材,6828.53
56,产品56,A类主材,2303.53
57,产品57,B类辅材,2026.52
58,产品58,B类辅材,4601.81
59,产品59,C类配件,3094.02
60,产品60,A类主材,4005.02
