return_id,order_id,return_reason
1,953,客户取消
2,464,客户取消
3,1156,质量问题
4,310,发货错误
5,199,质量问题
6,705,发货错误
7,848,发货错误
8,466,发货错误
9,125,客户取消
10,1071,客户取消
11,1097,发货错误
12,973,发货错误
13,483,客户取消
14,613,质量问题
15,809,发货错误
16,72,发货错误
17,1170,发货错误
18,1171,发货错误
19,302,质量问题
20,920,质量问题
21,343,质量问题
22,395,质量问题
23,88,客户取消
24,161,发货错误
25,892,质量问题
26,303,发货错误
27,529,客户取消
28,138,质量问题
29,795,发货错误
30,814,发货错误
31,668,客户取消
32,1065,客户取消
33,26,发货错误
34,1071,客户取消
35,231,客户取消
36,307,质量问题
37,1161,发货错误
38,1194,质量问题
39,217,发货错误
40,207,客户取消
41,1097,客户取消
42,842,客户取消
43,785,发货错误
44,995,发货错误
45,969,质量问题
46,353,客户取消
47,826,质量问题
48,823,质量问题
49,811,客户取消
50,487,质量问题
51,974,客户取消
52,763,质量问题
53,692,客户取消
54,637,客户取消
55,1007,发货错误
56,202,质量问题
57,276,客户取消
58,908,客户取消
59,552,发货错误
60,854,发货错误
61,183,质量问题
62,905,质量问题
63,834,发货错误
64,993,发货错误
65,766,质量问题
66,1056,质量问题
67,135,客户取消
68,1038,客户取消
69,278,发货错误
70,1165,质量问题
71,356,质量问题
72,412,质量问题
73,511,质量问题
74,935,质量问题
75,739,发货错误
76,408,客户取消
77,755,客户取消
78,1035,客户取消
79,254,发货错误
80,63,质量问题
81,763,客户取消
82,914,质量问题
83,972,发货错误
84,1130,客户取消
85,706,质量问题
86,530,发货错误
87,186,客户取消
88,57,客户取消
89,102,质量问题
90,1172,质量问题
91,454,发货错误
92,462,发货错误
93,424,客户取消
94,839,发货错误
95,42,发货错误
96,19,客户取消
